Target language lemma,ID,User language gloss,POS,Level,Word source,Ex. ID,Form,Analysis,Target language example sentence,Translation,Reference,Topic(s),Lesson,
трамвай,943,tram,N.Masc.Inan,A1,"MiP, МН",1,трамвай,Acc.Sing,Он сел в трамвай и поехал домой.,He got on the tram and went home.,_,путешествие,21,
трамвай,944,tram,N.Masc.Inan,A1,"MiP, МН",2,трамвая,Gen.Sing,Я хочу стать водителем трамвая.,I want to become a tram driver.,_,путешествие,21,
трамвай,945,tram,N.Masc.Inan,A1,"MiP, МН",3,трамваи,Nom.Plur,Слишком поздно. Трамваи не ходят.,It's too late. The trams aren't running.,_,путешествие,21,
килограмм,946,kilogram,N.Masc.Inan,A1,"Golosa, MiP, LM, МН",1,килограмма,Gen.Sing,Я купила два килограмма яблок.,I bought two kilos of apples.,_,мера,23,
килограмм,947,kilogram,N.Masc.Inan,A1,"Golosa, MiP, LM, МН",2,килограмм,Nom.Sing,Килограмм брокколи стоит сто рублей.,A kilogram of broccoli costs one hundred rubles.,_,мера,23,
килограмм,948,kilogram,N.Masc.Inan,A1,"Golosa, MiP, LM, МН",3,килограммов,Gen.Plur,Мой рюкзак весит восемь килограммов.,My backpack weights eight kilograms.,_,мера,23,
активный,949,active,A,A1,МН,1,активных,Gen.Plur,Эта работа подходит для активных людей.,This work is suitable for active people.,_,"люди, описание",29,
активный,950,active,A,A1,МН,2,активную,Acc.Fem.Sing,Аудитория играет активную роль в жизни артиста.,The audience plays an active role in a performer's life.,_,"люди, описание",29,
активный,951,active,A,A1,МН,3,активной,Gen.Fem.Sing,Маша устала от активной жизни.,Masha got tired of her active life.,_,"люди, описание",29,
парк,952,park,N.Masc.Inan,A1,"LM, МН",1,парке,Loc.Sing,Моя мама любит гулять в парке вечером.,My mother likes walking in the park in the evening.,_,свободное время,1,
парк,953,park,N.Masc.Inan,A1,"LM, МН",2,парк,Acc.Sing,После школы девочки пошли в парк.,After school the girls went to the park.,_,свободное время,1,
парк,954,park,N.Masc.Inan,A1,"LM, МН",3,парка,Gen.Sing,Фестиваль чая пройдёт на территории Парка Горького.,The Tea Festival will take place on the grounds of Gorky Park.,_,свободное время,1,
бизнесмен,955,businessman,N.Masc.Anim,A1,"Golosa, MiP, LM, МН, Поехали",1,бизнесменов,Gen.Plur,Новый закон защищает интересы бизнесменов.,The new law protects the interests of businessmen.,_,"люди, учёба/работа",,
бизнесмен,956,businessman,N.Masc.Anim,A1,"Golosa, MiP, LM, МН, Поехали",2,бизнесмен,Nom.Sing,Бизнесмен должен быть честным.,A businessman has to be honest.,_,"люди, учёба/работа",,
бизнесмен,957,businessman,N.Masc.Anim,A1,"Golosa, MiP, LM, МН, Поехали",3,бизнесмены,Nom.Plur,Российские бизнесмены протестуют против повышения налогов.,Russian businessmen are protesting against a tax increase.,_,"люди, учёба/работа",,
музей,958,museum,N.Masc.Inan,A1,"Golosa, MiP, LM, МН",1,музея,Gen.Sing,Работники музея могут посещать выставки бесплатно.,The museum workers can go to the exhibitions for free.,_,свободное время,3,
музей,959,museum,N.Masc.Inan,A1,"Golosa, MiP, LM, МН",2,музее,Loc.Sing,В этом музее есть скелет синего кита.,There is a skeleton of a blue whale in this museum.,_,свободное время,3,
музей,960,museum,N.Masc.Inan,A1,"Golosa, MiP, LM, МН",3,музей,Nom.Sing,Музей Москвы был открыт в девятнадцатом веке.,The Moscow Museum opened in the nineteenth century.,_,свободное время,3,
богатый,961,rich,A,A1,"LM, МН",1,богатый,Nom.Masc.Sing,"Саша – богатый человек, но скромный.",Sasha is a rich man but a modest one.,_,"люди, мера",21,
богатый,962,rich,A,A1,"LM, МН",2,богатых,Gen.Plur,Жизнь в центре города – удовольствие только для богатых людей.,Living in the city center is a luxury for rich people only.,_,"люди, мера",21,
богатый,963,rich,A,A1,"LM, МН",3,богатым,Ins.Masc.Sing,Я совсем не хочу быть богатым.,I don't want to be rich at all.,_,"люди, мера",21,
экзамен,964,exam,N.Masc.Inan,A1,"LM, МН",1,экзамен,Acc.Sing,Эта группа не сдаст экзамен по химии.,This group won't pass the chemistry exam.,_,учёба/работа,22,
экзамен,965,exam,N.Masc.Inan,A1,"LM, МН",2,экзамены,Acc.Plur,Летом мы сдаём экзамены по всем предметам.,In summer we have exams in all subjects. ,_,учёба/работа,22,
экзамен,966,exam,N.Masc.Inan,A1,"LM, МН",3,экзаменов,Gen.Plur,После экзаменов я собираюсь спать три дня.,After the exams I am going to sleep for three days.,_,учёба/работа,22,
масло,967,butter,N.Neut.Inan,A1,"Golosa, MiP, LM, МН",1,маслом,Ins.Sing,Он всегда ест хлеб с маслом на завтрак.,He always has bread and butter for breakfast.,_,еда,31,
масло,968,oil,N.Neut.Inan,A1,"Golosa, MiP, LM, МН",2,масла,Gen.Sing,Нужно добавить в салат больше оливкового масла.,You need to add more olive oil to the salad.,_,еда,31,
масло,969,butter,N.Neut.Inan,A1,"Golosa, MiP, LM, МН",3,масло,Nom.Sing,"Дома закончилось сливочное масло, нужно купить."," There’s no more butter in the house, we need to buy some.",_,еда,31,
немец,970,German,N.Masc.Anim,A1,"LM, МН, Кс",1,немцы,Nom.Plur,Немцы любят пиво.,Gemans like beer.,_,"люди, политика",25,
немец,971,German,N.Masc.Anim,A1,"LM, МН, Кс",2,немцев,Gen.Plur,В моём университете много немцев.,There are many Germans at my university.,_,"люди, политика",25,
немец,972,German,N.Masc.Anim,A1,"LM, МН, Кс",3,немец,Nom.Sing,"В его анекдотах всегда есть русский, француз и немец.","His jokes are always about a Russian, a Frenchman and a German.",_,"люди, политика",25,
ложка,973,spoon,N.Fem.Inan,A1,МН,1,ложку,Acc.Sing,Я кладу в чай одну ложку сахара.,I put a spoonful of sugar in my tea.,_,"еда, жильё",20,
ложка,974,spoon,N.Fem.Inan,A1,МН,2,ложкой,Ins.Sing,Маленький мальчик ест суп большой ложкой.,The little boy eats soup with a big spoon.,_,"еда, жильё",20,
ложка,975,spoon,N.Fem.Inan,A1,МН,3,ложки,Gen.Sing,Здесь нет ложки.,There is no spoon.,The Matrix (1999),"еда, жильё",20,
левый,976,left,A,A1,"MiP, МН",1,левую,Acc.Fem.Sing,Он положил левую руку мне на плечо.,He put his left hand on my shoulder.,_,"люди, описание",19,
левый,977,left,N.Masc.Anim,A1,"MiP, МН",2,левые,Nom.Plur,Левые не получают поддержки от правительства Российской Федерации.,Leftists don't get support from the government of the Russian Federation.,_,политика,19,
левый,978,left,A,A1,"MiP, МН",3,левой,Gen.Fem.Sing,Маша сломала палец левой руки.,Masha broke her finger on her left hand.,_,"люди, описание",19,
комедия,979,comedy,N.Fem.Inan,A1,"MiP, LM, МН",1,комедия,Nom.Sing,"Это комедия, в ней никто не умирает.","This is a comedy, so nobody dies.",_,свободное время,10,
комедия,980,comedy,N.Fem.Inan,A1,"MiP, LM, МН",2,комедии,Gen.Sing,Я читал это в комедии Шекспира.,I read it in a comedy by Shakespeare.,_,свободное время,10,
комедия,981,comedy,N.Fem.Inan,A1,"MiP, LM, МН",3,комедию,Acc.Sing,Я останусь дома и посмотрю хорошую комедию.,I’ll stay at home and watch a good comedy.,_,свободное время,10,
понравиться,982,please,V,A1,"LM, МН",1,понравилось,Perf.Neut.Sing.Past,Мне понравилось это вино.,I really liked this wine.,_,внутренний мир,28,
понравиться,983,please,V,A1,"LM, МН",2,понравился,Perf.Masc.Sing.Past,Моему брату не понравился мой новый друг.,My brother didn't like my new friend.,_,внутренний мир,28,
понравиться,984,please,V,A1,"LM, МН",3,понравилась,Perf.Fem.Sing.Past,София сразу мне понравилась.,I liked Sophia at once.,_,внутренний мир,28,
футбол,985,soccer,N.Masc.Inan,A1,"Golosa, MiP, LM, МН",1,футбол,Acc.Sing,На перемене мы обычно играем в футбол или пинг-понг.,During the break we always play soccer or ping-pong.,_,свободное время,9,
футбол,986,soccer,N.Masc.Inan,A1,"Golosa, MiP, LM, МН",2,футбола,Gen.Sing,Никакого футбола в моём дворе!,No soccer in my yard!,_,свободное время,9,
футбол,987,soccer,N.Masc.Inan,A1,"Golosa, MiP, LM, МН",3,футболу,Dat.Sing,В 2018 чемпионат мира по футболу прошёл в России.,In 2018 the World Cup was held in Russia.,_,свободное время,9,
пообедать,988,eat lunch,V,A1,"Golosa, MiP, LM, МН",1,пообедали,Perf.Plur.Past,Мы пообедали в новом кафе.,We ate lunch in the new café.,_,еда,29,
пообедать,989,eat lunch,V,A1,"Golosa, MiP, LM, МН",2,пообедать,Perf.Inf,После работы мы решили вместе пообедать.,After work we decided to eat lunch together.,_,еда,29,
пообедать,990,eat lunch,V,A1,"Golosa, MiP, LM, МН",3,пообедаем,Perf.Plur.1,"Мы с Марией пообедаем вместе, а потом пойдём в кино.",Maria and I are going to eat lunch and then go to the movie theater.,_,еда,29,
салат,991,lettuce,N.Masc.Inan,A1,"Golosa, MiP, LM, МН",1,салата,Gen.Sing,"Например, ты можешь положить в сэндвич лист салата.","For example, you can put a lettuce leaf in the sandwich.",_,еда,8,
салат,992,salad,N.Masc.Inan,A1,"Golosa, MiP, LM, МН",2,салат,Acc.Sing,Папа сегодня готовит свой любимый салат.,Today Dad is making his favorite salad.,_,еда,8,
салат,993,salad,N.Masc.Inan,A1,"Golosa, MiP, LM, МН",3,салатов,Gen.Plur,На Новый Год люди обычно готовят пять или шесть разных салатов.,For the New Year celebration people usually prepare five or six different salads. ,_,еда,8,
стадион,994,stadium,N.Masc.Inan,A1,"Golosa, MiP, LM, МН",1,стадиона,Gen.Sing,Друзья будут ждать меня у стадиона.,My friends will wait for me outside the stadium.,_,свободное время,5,
стадион,995,stadium,N.Masc.Inan,A1,"Golosa, MiP, LM, МН",2,стадионе,Loc.Sing,"На стадионе ""Лужники"" пройдёт следующий матч чемпионата мира.",The next World Cup will be held at the Luzhniki stadium.,_,свободное время,5,
стадион,996,stadium,N.Masc.Inan,A1,"Golosa, MiP, LM, МН",3,стадион,Nom.Sing,Стадион был построен в 2014 году.,The stadium was built in 2014.,_,свободное время,5,
ключ,997,key,N.Masc.Inan,A1,"MiP, LM, МН",1,ключ,Acc.Sing,Я ушла и заперла дверь на ключ.,I left and locked the door with the key.,_,жильё ,27,
ключ,998,key,N.Masc.Inan,A1,"MiP, LM, МН",2,ключи,Acc.Plur,"Кажется, я забыл ключи.",It seems I forgot the keys.,_,жильё ,27,
ключ,999,key,N.Masc.Inan,A1,"MiP, LM, МН",3,ключом,Ins.Sing,Мама откроет дверь своим ключом.,Mom will open the door with her key.,_,жильё ,27,
яйцо,1000,egg,N.Neut.Inan,A1,"Golosa, MiP, МН",1,яиц,Gen.Plur,Я купила десяток яиц.,I bought ten eggs.,_,еда,23,
яйцо,1001,egg,N.Neut.Inan,A1,"Golosa, MiP, МН",2,яйца,Acc.Plur,Папа достал из холодильника яйца и помидоры.,Dad took eggs and tomatoes out of the refrigerator.,_,еда,23,
яйцо,1002,egg,N.Neut.Inan,A1,"Golosa, MiP, МН",3,яйцо,Acc.Sing,На завтрак я съел яйцо.,For breakfast I ate an egg.,_,еда,23,
марка,1003,brand,N.Fem.Inan,A1,"LM, МН",1,марки,Gen.Sing,Я не покупаю одежду этой марки.,I don't buy this brand of clothes.,_,магазин,,
марка,1004,stamp,N.Fem.Inan,A1,"LM, МН",2,марок,Gen.Plur,У меня большая коллекция марок.,I have a big stamp collection.,_,общение,27,
марка,1005,brand,N.Fem.Inan,A1,"LM, МН",3,марку,Acc.Sing,Моя сестра предпочитает другую марку пива.,My sister prefers another brand of beer.,_,магазин,,
попросить,1006,ask for,V,A1,"LM, МН",1,попросил,Perf.Masc.Sing.Past,Брат попросил у меня деньги на обед.,My brother asked me for money to buy lunch.,_,"люди, общение",28,
попросить,1007,ask for,V,A1,"LM, МН",2,попросить,Perf.Inf,Я хотела попросить у него денег.,I wanted to ask him for money.,_,"люди, общение",28,
попросить,1008,ask for,V,A1,"LM, МН",3,попросила,Perf.Fem.Sing.Past,"Саша, мама попросила тебя помыть посуду.","Sasha, Mom asked you to wash the dishes.",_,"люди, общение",28,
цирк,1009,circus,N.Masc.Inan,A1,"Golosa, MiP, LM, МН",1,цирка,Gen.Sing,Я хочу взять интервью у артиста цирка.,I want to interview a circus performer.,_,свободное время,5,
цирк,1010,circus,N.Masc.Inan,A1,"Golosa, MiP, LM, МН",2,цирке,Loc.Sing,"Работа в цирке тяжёлая, но интересная.",Working in the circus is hard but interesting,_,свободное время,5,
цирк,1011,circus,N.Masc.Inan,A1,"Golosa, MiP, LM, МН",3,цирк,Nom.Sing,Этот цирк великолепен!,This circus is incredible!,_,свободное время,5,
обед,1012,lunch,N.Masc.Inan,A1,"Golosa, MiP, LM, МН",1,обеда,Gen.Sing,После обеда я всегда хочу спать.,After lunch I always want to sleep.,_,еда,8,
обед,1013,lunch,N.Masc.Inan,A1,"Golosa, MiP, LM, МН",2,обед,Nom.Sing,Обед начинается в два часа.,Lunch starts at two o'clock.,_,еда,8,
обед,1014,lunch,N.Masc.Inan,A1,"Golosa, MiP, LM, МН",3,обеду,Dat.Sing,"Думаю, мы вернёмся к обеду.",I think we're going to come back before lunch.,_,еда,8,
грамм,1015,gram,N.Masc.Inan,A1,"Golosa, MiP, МН",1,грамм,Gen.Plur,Я положила в торт двести грамм сахара.,I put 200g of sugar in the cake.,_,мера,23,
грамм,1016,gram,N.Masc.Inan,A1,"Golosa, MiP, МН",2,граммов,Gen.Plur,Каждый из нас выпил сто граммов водки.,Each of us drank 100 grams of vodka.,_,мера,23,
грамм,1017,gram,N.Masc.Inan,A1,"Golosa, MiP, МН",3,грамма,Gen.Sing,Вес золотой медали Олимпийских игр — пятьсот шестьдесят два грамма. ,The Olympic gold medal weighs 562 grams.,_,мера,23,
гостиница,1018,hotel,N.Fem.Inan,A1,"MiP, LM, МН",1,гостинице,Loc.Sing,Мы остановимся в гостинице на площади Восстания.,We are staying in the hotel on Vosstaniya Square.,_,"путешествие, жильё",16,
гостиница,1019,hotel,N.Fem.Inan,A1,"MiP, LM, МН",2,гостиница,Nom.Sing,Наша гостиница была ужасна.,Our hotel was terrible.,_,"путешествие, жильё",16,
гостиница,1020,hotel,N.Fem.Inan,A1,"MiP, LM, МН",3,гостиницы,Gen.Sing,Мы выезжаем из гостиницы в восемь утра.,We're leaving the hotel at 8 in the morning.,_,"путешествие, жильё",16,
нож,1021,knife,N.Masc.Inan,A1,МН,1,ножом,Ins.Sing,Он всегда ходит с ножом.,He always carries a knife.,_,жильё,28,
нож,1022,knife,N.Masc.Inan,A1,МН,2,нож,Acc.Sing,Я не могу найти нож.,I can't find a knife.,_,жильё,28,
нож,1023,knife,N.Masc.Inan,A1,МН,3,ножи,Acc.Plur,Мы купили новые ножи на кухню.,We bought new kitchen knives.,_,жильё,28,
спорт,1024,sport,N.Masc.Inan,A1,"Golosa, MiP, МН",1,спорта,Gen.Sing,Мой старший брат – мастер спорта по боксу.,My big brother is a master of sports in boxing.,_,свободное время,9,
спорт,1025,sport,N.Masc.Inan,A1,"Golosa, MiP, МН",2,спортом,Ins.Sing,Заниматься спортом полезно для здоровья.,Playing sports is good for one's health.,_,свободное время,9,
спорт,1026,sport,N.Masc.Inan,A1,"Golosa, MiP, МН",3,спорте,Loc.Sing,Я ничего не понимаю в спорте.,I don't understand anything about sports.,_,свободное время,9,
рубашка,1027,shirt,N.Fem.Inan,A1,"Golosa, MiP, МН, Кс",1,рубашка,Nom.Sing,Какая у тебя красивая рубашка!,What a lovely shirt you have!,_,люди,27,
рубашка,1028,shirt,N.Fem.Inan,A1,"Golosa, MiP, МН, Кс",2,рубашку,Acc.Sing,"Было жарко, и я снял рубашку.","It was hot, so I took off my shirt.",_,люди,27,
рубашка,1029,shirt,N.Fem.Inan,A1,"Golosa, MiP, МН, Кс",3,рубашки,Gen.Sing,Машенька положила конфету в карман рубашки.,Mashenka put a candy in her shirt pocket.,_,люди,27,
медицина,1030,medicine,N.Fem.Inan,A1,"Golosa, MiP, МН",1,медицине,Loc.Sing,Эту технологию используют в медицине.,This technology is used in medicine.,_,здоровье,28,
медицина,1031,medicine,N.Fem.Inan,A1,"Golosa, MiP, МН",2,медицина,Nom.Sing,Медицина в России — бесплатная.,Medical care in Russia is free of charge.,_,здоровье,28,
медицина,1032,medicine,N.Fem.Inan,A1,"Golosa, MiP, МН",3,медицины,Gen.Sing,Развитие медицины — важная задача.,The development of medicine is an important task.,_,здоровье,28,
остановка,1033,stop,N.Fem.Inan,A1,"MiP, LM, МН",1,остановка,Nom.Sing,Следующая остановка — «площадь Восстания».,"The next stop is ""Vosstaniya square"".",_,"транспорт, путешествие",19,
остановка,1034,stop,N.Fem.Inan,A1,"MiP, LM, МН",2,остановке,Loc.Sing,Приходи! Я жду тебя на остановке.,Come! I’m waiting for you at the bus stop.,_,"транспорт, путешествие",19,
остановка,1035,stop,N.Fem.Inan,A1,"MiP, LM, МН",3,остановок,Gen.Plur,Через пять остановок я вышел из автобуса.,I got off the bus after 5 stops.,_,"транспорт, путешествие",19,
немецкий,1036,German,A,A1,"Golosa, MiP, LM, МН",1,немецких,Gen.Plur,В Москве много немецких туристов.,There are a lot of German tourists in Moscow.,_,"политика, описание, люди",11,
немецкий,1037,German,A,A1,"Golosa, MiP, LM, МН",2,немецкого,Gen.Masc.Sing,Маша — преподаватель немецкого языка.,Masha is a German teacher.,_,"политика, описание, люди",11,
немецкий,1038,German,A,A1,"Golosa, MiP, LM, МН",3,немецкий,Inan.Acc.Masc.Sing,"Я учил немецкий в школе, но уже ничего не помню.",I learned German at school but now I don’t remember anything.,_,"политика, описание, люди",11,
зелёный,1039,green,A,A1,"LM, МН",1,зелёный,Nom.Masc.Sing,Мне нравится зелёный чай с мятой.,I like green tea with mint.,_,описание,7,
зелёный,1040,green,A,A1,"LM, МН",2,зелёные,Nom.Plur,У Оли зелёные глаза и чёрные волосы.,Olya has green eyes and black hair.,_,описание,7,
зелёный,1041,green,A,A1,"LM, МН",3,зелёной,Gen.Fem.Sing,Купи зелёной краски! Мы красим стены в доме.,Buy some green paint! We’re painting the walls in our house.,_,описание,7,
учительница,1042,teacher,N.Fem.Anim,A1,"Golosa, MiP, LM, МН",1,учительницы,Gen.Sing,День рождения нашей учительницы — в апреле.,Our teacher’s birthday is in April.,_,"учёба/работа, люди",5,
учительница,1043,teacher,N.Fem.Anim,A1,"Golosa, MiP, LM, МН",2,учительница,Nom.Sing,"Наша учительница строгая, но справедливая.",Our teacher is strict but fair.,_,"учёба/работа, люди",5,
учительница,1044,teacher,N.Fem.Anim,A1,"Golosa, MiP, LM, МН",3,учительнице,Dat.Sing,"Вчера я позвонил учительнице, потому что не пришёл на урок.",I called my teacher yesterday because I didn’t go to class.,_,"учёба/работа, люди",5,
родной,1045,native,A,A1,"LM, МН",1,родной,Nom.Masc.Sing,Какой у вас родной язык?,What is your mother tongue?,_,"люди, политика",15,
родной,1046,native,A,A1,"LM, МН",2,родном,Loc.Masc.Sing,Мне всегда уютно в моём родном городе.,I always feel comfortable in my hometown.,_,"люди, политика",15,
родной,1047,native,A,A1,"LM, МН",3,родным,Ins.Masc.Sing,Ты как с родным отцом разговариваешь?,Is that any way to speak to your own father?,_,"люди, политика",15,
транспорт,1048,transport,N.Masc.Inan,A1,МН,1,транспорта,Gen.Sing,Каким видом транспорта вы пользуетесь?,Which means of transport do you use?,_,"транспорт, путешествие",21,
транспорт,1049,transport,N.Masc.Inan,A1,МН,2,транспортом,Ins.Sing,Я не пользуюсь общественным транспортом — у меня своя машина.,I don’t use public transport — I have my own car.,_,"транспорт, путешествие",21,
транспорт,1050,transport,N.Masc.Inan,A1,МН,3,транспорт,Acc.Sing,Важно развивать общественный транспорт.,It’s important to develop public transport.,_,"транспорт, путешествие",21,
посмотреть,1051,watch,V,A1,"Golosa, MiP, LM, МН",1,посмотреть,Perf.Inf,Какой красивый браслет! Можно посмотреть?,What a beautiful bracelet! Can I take a look?,_,"свободное время, общение",22,
посмотреть,1052,watch,V,A1,"Golosa, MiP, LM, МН",2,посмотрел,Perf.Masc.Sing.Past,"Ты посмотрел, как пройти в центр города?",Did you check how to get to the city center?,_,"свободное время, общение",22,
посмотреть,1053,watch,V,A1,"Golosa, MiP, LM, МН",3,посмотрела,Perf.Fem.Sing.Past,Она странно посмотрела на меня.,She gave me a strange look.,_,"свободное время, общение",22,
вход,1054,entrance,N.Masc.Inan,A1,"MiP, LM, МН",1,входа,Gen.Sing,Жди меня у входа в магазин!,Wait for me at the entrance to the store!,_,жильё,16,
вход,1055,entrance,N.Masc.Inan,A1,"MiP, LM, МН",2,входе,Loc.Sing,На входе в аэропорт теперь стоит охрана.,There is now security at the entrance to the airport.,_,жильё,16,
вход,1056,entrance,N.Masc.Inan,A1,"MiP, LM, МН",3,вход,Acc.Sing,Я не вижу вход в этот магазин.,I can’t see the entrance to this shop.,_,жильё,16,
французский,1057,French,A,A1,"Golosa, MiP, МН",1,французский,Nom.Masc.Sing,Французский президент вчера прибыл в Москву.,The French president arrived in Moscow yesterday.,_,"политика, описание, люди",11,
французский,1058,French,A,A1,"Golosa, MiP, МН",2,французской,Gen.Fem.Sing,Вчера закончился фестиваль французской культуры.,The festival of French culture ended yesterday.,_,"политика, описание, люди",11,
французский,1059,French,A,A1,"Golosa, MiP, МН",3,французском,Loc.Masc.Sing,"Во французском языке есть артикли: le, la, les.","There are articles in French: le, la, les.",_,"политика, описание, люди",11,
автобус,1060,bus,N.Masc.Inan,A1,"MiP, LM, МН, Поехали",1,автобусе,Loc.Sing,Мы поедем в центр на автобусе. Трамваи туда не ходят.,We’ll take the bus to the city center. No trams go there.,_,"транспорт, путешествие",2,
автобус,1061,bus,N.Masc.Inan,A1,"MiP, LM, МН, Поехали",2,автобуса,Gen.Sing,Я знаю маршрут этого автобуса.,I don't know the route of this bus.,_,"транспорт, путешествие",2,
автобус,1062,bus,N.Masc.Inan,A1,"MiP, LM, МН, Поехали",3,автобусах,Loc.Plur,В московских автобусах есть бесплатный интернет.,There is free internet in Moscow buses.,_,"транспорт, путешествие",2,
учебник,1063,textbook,N.Masc.Inan,A1,"Golosa, MiP, МН",1,учебниках,Loc.Plur,Почему об этом не пишут в учебниках по истории?,Why they don’t write about that in history textbooks?,_,учёба/работа,22,
учебник,1064,textbook,N.Masc.Inan,A1,"Golosa, MiP, МН",2,учебники,Nom.Plur,Наши учебники по математике очень сложные.,Our math books are very difficult.,_,учёба/работа,22,
учебник,1065,textbook,N.Masc.Inan,A1,"Golosa, MiP, МН",3,учебник,Nom.Sing,Мне нужен этот учебник.,I need this textbook.,_,учёба/работа,22,
иностранный,1066,foreign,A,A1,"Golosa, MiP, МН",1,иностранных,Gen.Plur,Сколько иностранных языков вы знаете?,How many foreign languages do you know?,_,"политика, описание",11,
иностранный,1067,foreign,A,A1,"Golosa, MiP, МН",2,иностранной,Gen.Fem.Sing,Он пошёл в библиотеку иностранной литературы.,He went to the foreign literature library.,_,"политика, описание",11,
иностранный,1068,foreign,A,A1,"Golosa, MiP, МН",3,иностранным,Dat.Plur,Иностранным гражданам в этом музее скидка.,There is a discount for foreign citizens in this museum.,_,"политика, описание",11,
здоровый,1069,healthy,A,A1,"Golosa, MiP, МН",1,здорово,Adverb,"Как здорово, что ты приехал!",It's so great that you came!,_,"здоровье, описание",28,
здоровый,1070,healthy,A,A1,"Golosa, MiP, МН",2,здоровый,Nom.Masc.Sing,Ты очень устал. Тебе нужен здоровый сон.,You’re so tired. You need some good sleep.,_,"здоровье, описание",28,
здоровый,1071,healthy,A,A1,"Golosa, MiP, МН",3,здоров,Masc.Sing,"Петя болел на прошлой неделе, но сейчас абсолютно здоров.",Petya was sick last week but now he is absolutely fine.,_,"здоровье, описание",28,
счастливый,1072,happy,A,A1,"LM, МН",1,счастливым,Ins.Masc.Sing,Любовь делает меня счастливым.,Love makes me happy.,_,"описание, внутренний мир",32,
счастливый,1073,happy,A,A1,"LM, МН",2,счастливый,Nom.Masc.Sing,Меня взяли на работу! Какой счастливый день сегодня!,I got a job! What a happy day!,_,"описание, внутренний мир",32,
счастливый,1074,happy,A,A1,"LM, МН",3,счастлив,Masc.Sing,Ты счастлив с ней?,Are you happy with her?,_,"описание, внутренний мир",32,
инженер,1075,engineer,N.Masc.Anim,A1,"Golosa, MiP, LM, МН",1,инженер,Nom.Sing,Мой папа — инженер.,My father is an engineer.,_,"учёба/работа, люди",23,
инженер,1076,engineer,N.Masc.Anim,A1,"Golosa, MiP, LM, МН",2,инженера,Gen.Sing,На нашем заводе свободна должность главного инженера.,At our factory the position of chief engineer is available.,_,"учёба/работа, люди",23,
инженер,1077,engineer,N.Masc.Anim,A1,"Golosa, MiP, LM, МН",3,инженеры,Nom.Plur,В нашу компанию нужны инженеры.,We need engineers in our company.,_,"учёба/работа, люди",23,
мужской,1078,men’s,A,A1,"Golosa, MiP, МН",1,мужской,Nom.Masc.Sing,Мужской туалет находится справа от кассы.,The men’s bathroom is to the right of the cash register.,_,"люди, описание",17,
мужской,1079,men’s,A,A1,"Golosa, MiP, МН",2,мужского,Gen.Masc.Sing,По-русски «дом» — существительное мужского рода.,In Russian «house» is a masculine noun.,_,"люди, описание",17,
мужской,1080,men’s,A,A1,"Golosa, MiP, МН",3,мужских,Gen.Plur,В этом магазине нет мужских духов. ,There's no men's perfume in this shop.,_,"люди, описание",17,
очки,1081,glasses,N.Inan,A1,"Golosa, MiP, МН",1,очки,Acc.Plur,Я не могу найти свои очки.,I can't find my glasses.,_,"магазин, здоровье",26,
очки,1082,glasses,N.Inan,A1,"Golosa, MiP, МН",2,очках,Loc.Plur,Я всегда смотрю телевизор в очках.,I always wear glasses when I watch TV.,_,"магазин, здоровье",26,
очки,1083,glasses,N.Inan,A1,"Golosa, MiP, МН",3,очков,Gen.Plur,Я не могу читать без очков.,I can't read without glasses.,_,"магазин, здоровье",26,
приложение,1084,attachment,N.Neut.Inan,A1,"Golosa, MiP, МН",1,приложение,Nom.Sing,Как называется приложение с картой метро?,What is the name of the app with a map of the metro?,_,учёба/работа,21,
приложение,1085,attachment,N.Neut.Inan,A1,"Golosa, MiP, МН",2,приложения,Gen.Sing,Он узнал об этом из приложения к журналу.,He learned about it from the insert in the magazine.,_,учёба/работа,21,
приложение,1086,attachment,N.Neut.Inan,A1,"Golosa, MiP, МН",3,приложении,Loc.Sing,Результаты анализов смотрите в приложении.,See the results of analyses in the attachment.,_,учёба/работа,21,
северный,1087,Northern,A,A1,МН,1,северной,Gen.Fem.Sing,Привет из северной столицы России — Санкт-Петербурга!,Greetings from the Northern capital of Russia — Saint Petersburg!,_,"описание, путешествие",17,
северный,1088,Northern,A,A1,МН,2,северных,Gen.Plur,Жители северных стран пьют много кофе.,People living in the Northern countries drink a lot of coffee.,_,"описание, путешествие",17,
северный,1089,Northern,A,A1,МН,3,северная,Nom.Fem.Sing,Северная Корея — очень закрытая страна.,North Korea is a very closed country.,_,"описание, путешествие",17,
весёлый,1090,happy,A,A1,"LM, МН",1,весёлый,Nom.Masc.Sing,Ты сегодня такой весёлый. У тебя какой-то праздник?,You’re so happy today. Is there a special occasion?,_,"описание, внутренний мир",15,
весёлый,1091,happy,A,A1,"LM, МН",2,весело,Adverb,Мне здесь совсем не весело. Пойдём домой!,It's no fun here at all. Let’s go home!,_,"описание, внутренний мир",15,
весёлый,1092,happy,A,A1,"LM, МН",3,весёлая,Nom.Fem.Sing,Моя собака всегда весёлая и энергичная.,My dog is always happy and energetic.,_,"описание, внутренний мир",15,
жёлтый,1093,yellow,A,A1,МН,1,жёлтые,Nom.Plur,Жёлтые листья падают с деревьев.,Yellow leaves are falling from the trees.,_,описание,7,
жёлтый,1094,yellow,A,A1,МН,2,жёлтый,Nom.Masc.Sing,Мне нравится твой жёлтый свитер.,I like your yellow sweater.,_,описание,7,
жёлтый,1095,yellow,A,A1,МН,3,жёлтыми,Ins.Plur,Я ищу юбку с жёлтыми полосками.,I am looking for a skirt with yellow stripes.,_,описание,7,
сумка,1096,bag,N.Fem.Inan,A1,"Golosa, MiP, LM, МН",1,сумку,Acc.Sing,Не забудь сумку! Там наши паспорта.,Don’t forget the bag! Our passports are there.,_,магазин,7,
сумка,1097,bag,N.Fem.Inan,A1,"Golosa, MiP, LM, МН",2,сумки,Gen.Sing,Я не выхожу из дома без сумки.,I don't leave the house without my purse.,_,магазин,7,
сумка,1098,bag,N.Fem.Inan,A1,"Golosa, MiP, LM, МН",3,сумке,Loc.Sing,Я не могу найти ключи в сумке.,I can’t find the keys in the bag.,_,магазин,7,
соль,1099,salt,N.Fem.Inan,A1,"Golosa, MiP, МН",1,соли,Gen.Sing,"В этом салате мало соли, нужно добавить.","There's not enough salt in this salad, we need to add more.",_,"еда, магазин",31,
соль,1100,salt,N.Fem.Inan,A1,"Golosa, MiP, МН",2,соль,Acc.Sing,"Передай мне, пожалуйста, соль.","Pass me the salt, please.",_,"еда, магазин",31,
соль,1101,salt,N.Fem.Inan,A1,"Golosa, MiP, МН",3,солей,Gen.Plur,В этой воде много солей магния.,This water contains a lot of magnesium salts.,_,"еда, магазин",31,
вокзал,1102,train station,N.Masc.Inan,A1,"MiP, LM, МН, Поехали",1,вокзала,Gen.Sing,С какого вокзала ты уезжаешь?,Which train station do you depart from?,_,"транспорт, путешествие",19,
вокзал,1103,train station,N.Masc.Inan,A1,"MiP, LM, МН, Поехали",2,вокзале,Loc.Sing,Я провёл ночь на вокзале — ждал поезд в Мурманск.,I spent the night at the train station — I was waiting for the train to Murmansk.,_,"транспорт, путешествие",19,
вокзал,1104,train station,N.Masc.Inan,A1,"MiP, LM, МН, Поехали",3,вокзал,Acc.Sing,Вася поехал на вокзал встречать своих друзей.,Vasya has gone to the train station to pick up his friends.,_,"транспорт, путешествие",19,
бедный,1105,poor,A,A1,МН,1,бедный,Nom.Masc.Sing,Откуда у Пети деньги? Он же бедный студент.,Where does Petya get money from? He’s a poor student.,_,"люди, описание",23,
бедный,1106,poor,A,A1,МН,2,бедная,Nom.Fem.Sing,Бедная девочка! Выздоравливай скорее!,Poor girl! Get well soon!,_,"люди, описание",23,
бедный,1107,poor,N.Masc.Anim,A1,МН,3,бедных,Gen.Plur,Дети из бедных семей получат бесплатные обеды в школе.,Children from poor families will get free lunches at school.,_,"люди, описание",23,
специальность,1108,profession,N.Fem.Inan,A1,"Golosa, MiP, МН",1,специальности,Dat.Sing,Кто ты по специальности?,What’s your profession?,_,учёба/работа,26,
специальность,1109,profession,N.Fem.Inan,A1,"Golosa, MiP, МН",2,специальность,Nom.Sing,"Моя специальность — переводчик, но я работаю фотографом.","I’m an interpreter by profession, but I work as a photographer.",_,учёба/работа,26,
специальность,1110,profession,N.Fem.Inan,A1,"Golosa, MiP, МН",3,специальностям,Dat.Plur,В этом университете учат двадцати специальностям.,They teach 20 specializations in this university.,_,учёба/работа,26,
серый,1111,grey,A,A1,"Golosa, MiP, МН",1,серые,Nom.Plur,Мне не нравятся эти серые тучи на небе.,I don't like those grey clouds in the sky.,_,описание,32,
серый,1112,grey,A,A1,"Golosa, MiP, МН",2,серый,Nom.Masc.Sing,Серый волк — герой многих русских сказок.,The grey wolf is a character in many Russian fairy-tales.,_,описание,32,
серый,1113,grey,A,A1,"Golosa, MiP, МН",3,серых,Loc.Plur,Видите мужчину в серых штанах? Это мой дядя.,Do you see that man in grey pants? That’s my uncle.,_,описание,32,
поступать,1114,apply for entrance,V,A1,"Golosa, MiP, МН",1,поступают,Imperf.Plur.3,Куда поступают твои одноклассники?,What universities are your classmates are applying to?,_,учёба/работа,22,
поступать,1115,apply for entrance,V,A1,"Golosa, MiP, МН",2,поступать,Imperf.Inf,Мой брат в этом году поступает в МГУ.,My brother is applying to Moscow State University this year.,_,учёба/работа,22,
поступать,1116,apply for entrance,V,A1,"Golosa, MiP, МН",3,поступает,Imperf.Sing.3,"В этом году он не поступает в университет, а идёт работать.","He’s not applying to the university this year, he’s going to work.",_,учёба/работа,22,
факультет,1117,faculty,N.Masc.Inan,A1,"Golosa, MiP, МН",1,факультете,Loc.Sing,На каком факультете ты учишься?,Which faculty/department of the university do you study at?,_,учёба/работа,22,
факультет,1118,faculty,N.Masc.Inan,A1,"Golosa, MiP, МН",2,факультета,Gen.Sing,Это профессор с моего факультета.,This is a professor from my faculty/department.,_,учёба/работа,22,
факультет,1119,faculty,N.Masc.Inan,A1,"Golosa, MiP, МН",3,факультет,Acc.Sing,Я поступила на факультет лингвистики.,I got accepted into the linguistics department.,_,учёба/работа,22,
внучка,1120,granddaughter,N.Fem.Anim,A1,"Golosa, MiP, LM, МН, Поехали",1,внучка,Nom.Sing,Моя внучка любит танцевать.,My granddaughter likes to dance.,_,люди,15,
внучка,1121,granddaughter,N.Fem.Anim,A1,"Golosa, MiP, LM, МН, Поехали",2,внучку,Acc.Sing,Как зовут вашу внучку?,What's your granddaughter’s name?,_,люди,15,
внучка,1122,granddaughter,N.Fem.Anim,A1,"Golosa, MiP, LM, МН, Поехали",3,внучки,Gen.Sing,У моей внучки много талантов.,My granddaughter has many talents.,_,люди,15,
посылать,1123,send,V,A1,"MiP, МН",1,посылает,Imperf.Sing.3,Каждый месяц он посылает деньги своей семье.,He sends money to his family every month.,_,"люди, общение",27,
посылать,1124,send,V,A1,"MiP, МН",2,посылать,Imperf.Inf,Я люблю посылать друзьям открытки из путешествий.,I like to send my friends postcards from my travels.,_,"люди, общение",27,
посылать,1125,send,V,A1,"MiP, МН",3,посылают,Imperf.Plur.3,Сергея всегда посылают на встречи с клиентами.,They always send Sergey to meet with clients.,_,"люди, общение",27,
бассейн,1126,swimming pool,N.Masc.Inan,A1,"Golosa, MiP, МН, Поехали",1,бассейна,Gen.Sing,Я только что вернулась из бассейна.,I just came back from the swimming pool.,_,"свободное время, здоровье",12,
бассейн,1127,swimming pool,N.Masc.Inan,A1,"Golosa, MiP, МН, Поехали",2,бассейне,Loc.Sing,Я не люблю плавать в бассейне. Там слишком грязно.,I don't like to swim in the swimming pool. It’s too dirty there.,_,"свободное время, здоровье",12,
бассейн,1128,swimming pool,N.Masc.Inan,A1,"Golosa, MiP, МН, Поехали",3,бассейн,Nom.Sing,Рядом с нашим домом открылся новый бассейн.,A new swimming pool has opened next door to us.,_,"свободное время, здоровье",12,
менеджер,1129,manager,N.Masc.Anim,A1,"Golosa, MiP, МН",1,менеджер,Nom.Sing,Генеральный менеджер сейчас в отпуске. Что ему передать?,The general manager is now on vacation. Should I take a message?,_,"люди, учёба/работа",24,
менеджер,1130,manager,N.Masc.Anim,A1,"Golosa, MiP, МН",2,менеджеры,Nom.Plur,Менеджеры нашей компании собрались на встречу.,The managers of our company gathered for the meeting.,_,"люди, учёба/работа",24,
менеджер,1131,manager,N.Masc.Anim,A1,"Golosa, MiP, МН",3,менеджера,Gen.Sing,Дайте мне номер менеджера! Я хочу с ним поговорить. ,Give me your manager's number! I want to talk to him.,_,"люди, учёба/работа",24,
англичанин,1132,Englishman,N.Masc.Anim,A1,"МН, Поехали, Кс",1,англичане,Nom.Plur,Англичане пьют чай с молоком.,The English drink tea with milk.,_,"политика, люди",24,
англичанин,1133,Englishman,N.Masc.Anim,A1,"МН, Поехали, Кс",2,англичанин,Nom.Sing,"Наш сосед — англичанин. Он родился в Лондоне, но вырос в Москве.",Our neighbor is an Englishman. He was born in London but grew up in Moscow.,_,"политика, люди",24,
англичанин,1134,Englishman,N.Masc.Anim,A1,"МН, Поехали, Кс",3,англичанина,Acc.Sing,Ваня похож на англичанина.,Vanya looks like an Englishman.,_,"политика, люди",24,
свидание,1135,appointment,N.Neut.Inan,A1,"LM, МН",1,свидания,Gen.Sing,Мне пора идти. До свидания!,It’s time for me to go. Goodbye!,_,"люди, общение, свободное время",32,
свидание,1136,appointment,N.Neut.Inan,A1,"LM, МН",2,свидание,Acc.Sing,Я вчера опоздала на свидание.,I was late for my appointment yesterday.,_,"люди, общение, свободное время",32,
свидание,1137,deleted,,,,,,,,,_,,,"свиданье is an old fashioned spelling and now rather rare, so I have removed this one"
спокойный,1138,calm,A,A1,МН,1,спокойное,Nom.Neut.Sing,Море сегодня спокойное.,The sea is calm today.,_,"люди, внутренний мир, описание",29,
спокойный,1139,calm,A,A1,МН,2,спокойной,Gen.Fem.Sing,Спокойной ночи! Сладких снов!,Goodnight! Sweet dreams!,_,"люди, внутренний мир, описание",29,
спокойный,1140,calm,A,A1,МН,3,спокойная,Nom.Fem.Sing,"День был ветреный и дождливый, а ночь — спокойная и тихая.",The day was windy and rainy but the night was calm and quiet.,_,"люди, внутренний мир, описание",29,
поужинать,1141,eat dinner,V,A1,"Golosa, MiP, LM, МН",1,поужинать,Perf.Inf,Где нам сегодня поужинать? Я хочу пиццу.,Where should we have dinner tonight? I want pizza.,_,еда,25,
поужинать,1142,eat dinner,V,A1,"Golosa, MiP, LM, МН",2,поужинали,Perf.Plur.Past,Вчера мы поужинали в итальянском ресторане.,We had dinner at an Italian restaurant yesterday.,_,еда,25,
поужинать,1143,eat dinner,V,A1,"Golosa, MiP, LM, МН",3,поужинаем,Perf.Plur.1,Давай поужинаем сегодня вместе?,Shall we have dinner together tonight?,_,еда,25,
внук,1144,grandson,N.Masc.Anim,A1,"Golosa, MiP, LM, МН, Поехали",1,внуков,Gen.Plur,У Марии Петровны пять внуков.,Mariya Petrovna has 5 grandchildren.,_,люди,15,
внук,1145,grandson,N.Masc.Anim,A1,"Golosa, MiP, LM, МН, Поехали",2,внуки,Nom.Plur,Мои внуки часто приезжают ко мне в гости.,My grandchildren visit me often.,_,люди,15,
внук,1146,grandson,N.Masc.Anim,A1,"Golosa, MiP, LM, МН, Поехали",3,внуку,Dat.Sing,Бабушка приготовила внуку котлеты с картошкой.,Grandmother made meatballs with potatoes for her grandson.,_,люди,15,
общежитие,1147,dormitory,N.Neut.Inan,A1,"Golosa, MiP, МН",1,общежитии,Loc.Sing,Вы живёте в квартире или в общежитии?,Do you live in an apartment or in a student dormitory?,_,"жильё, учёба/работа",22,
общежитие,1148,dormitory,N.Neut.Inan,A1,"Golosa, MiP, МН",2,общежитие,Nom.Sing,Наше общежитие очень старое.,Our dormitory is very old.,_,"жильё, учёба/работа",22,
общежитие,1149,dormitory,N.Neut.Inan,A1,"Golosa, MiP, МН",3,общежитиях,Loc.Plur,В общежитиях нельзя пить и курить.,It's prohibited to drink alcohol and smoke in the dormitories.,_,"жильё, учёба/работа",22,
иностранец,1150,foreigner,N.Masc.Anim,A1,МН,1,иностранцы,Nom.Plur,Иностранцы обычно приезжают в Москву или в Санкт-Петербург.,Foreigners usually come to Moscow or Saint Petersburg.,_,"политика, люди",24,
иностранец,1151,foreigner,N.Masc.Anim,A1,МН,2,иностранцев,Gen.Plur,На чемпионат мира по футболу в Россию приехало много иностранцев.,Many foreigners came to Russia for the World Cup.,_,"политика, люди",24,
иностранец,1152,foreigner,N.Masc.Anim,A1,МН,3,иностранец,Nom.Sing,Директор нашей компании — иностранец. Он приехал из Франции.,The director of our company is a foreigner. He came from France.,_,"политика, люди",24,
россия,1153,Russia,N.Fem.Inan,A1,"Golosa, MiP, МН, Кс",1,россии,Loc.Sing,Вам нравится жить в России?,Do you like living in Russia?,_,политика,11,
россия,1154,Russia,N.Fem.Inan,A1,"Golosa, MiP, МН, Кс",2,россию,Acc.Sing,Он приехал в Россию на неделю и остался навсегда.,He came to Russia for a week and stayed there forever.,_,политика,11,
россия,1155,Russia,N.Fem.Inan,A1,"Golosa, MiP, МН, Кс",3,россией,Ins.Sing,В Берлине начались переговоры между Россией и ЕС.,Negotiations between Russia and the EU began in Berlin.,_,политика,11,
горячий,1156,hot,A,A1,"Golosa, MiP, МН",1,горячих,Gen.Plur,Что у вас есть из горячих блюд?,Which of the main courses do you have?,_,"описание, еда",18,
горячий,1157,hot,A,A1,"Golosa, MiP, МН",2,горячей,Gen.Fem.Sing,Она только что вышла из горячей сауны.,She just came out of the hot sauna.,_,"описание, еда",18,
горячий,1158,hot,A,A1,"Golosa, MiP, МН",3,горячая,Nom.Fem.Sing,Осторожно! Вода в кружке очень горячая!,Be careful! The water in the cup is very hot!,_,"описание, еда",18,
сок,1159,juice,N.Masc.Inan,A1,"Golosa, MiP, LM, МН",1,сок,Acc.Sing,Я люблю яблочный сок.,I like apple juice.,_,"еда, магазин",8,
сок,1160,juice,N.Masc.Inan,A1,"Golosa, MiP, LM, МН",2,соком,Ins.Sing,Он пьёт водку с соком.,He drinks vodka with juice.,_,"еда, магазин",8,
сок,1161,juice,N.Masc.Inan,A1,"Golosa, MiP, LM, МН",3,сока,Gen.Sing,"Дай мне стакан сока, пожалуйста!","Give me a glass of juice, please!",_,"еда, магазин",8,
обувь,1162,shoes,N.Fem.Inan,A1,"Golosa, MiP, МН",1,обувь,Nom.Sing,К этому костюму тебе нужна другая обувь.,You need different shoes for this suit.,_,"магазин, одежда",27,
обувь,1163,shoes,N.Fem.Inan,A1,"Golosa, MiP, МН",2,обуви,Gen.Sing,У меня нет хорошей зимней обуви.,I don't have good winter shoes.,_,"магазин, одежда",27,
обувь,1164,shoes,N.Fem.Inan,A1,"Golosa, MiP, МН",3,обувью,Ins.Sing,В углу стоял ящик со старой обувью.,There was a box with old shoes in the corner.,_,"магазин, одежда",27,
суп,1165,soup,N.Masc.Inan,A1,"Golosa, MiP, МН",1,суп,Acc.Sing,Я не люблю суп без мяса.,I don't like soup without meat.,_,еда,8,
суп,1166,soup,N.Masc.Inan,A1,"Golosa, MiP, МН",2,супы,Acc.Plur,Я не ем супы летом.,I don't eat soups in the summer.,_,еда,8,
суп,1167,soup,N.Masc.Inan,A1,"Golosa, MiP, МН",3,супе,Loc.Sing,В этом супе есть картошка?,Are there potatoes in this soup?,_,еда,8,
аэропорт,1168,airport,N.Masc.Inan,A1,"Golosa, MiP, LM, МН, Поехали",1,аэропорту,Loc.Sing,Когда ты прилетаешь? Я встречу тебя в аэропорту.,When are you arriving? I’ll pick you up at the airport.,_,"транспорт, путешествие",16,
аэропорт,1169,airport,N.Masc.Inan,A1,"Golosa, MiP, LM, МН, Поехали",2,аэропорта,Gen.Sing,Позвони мне из аэропорта!,Call me from the airport!,_,"транспорт, путешествие",16,
аэропорт,1170,airport,N.Masc.Inan,A1,"Golosa, MiP, LM, МН, Поехали",3,аэропорт,Acc.Sing,"Мне пора ехать в аэропорт, а я не могу найти свой паспорт.","It's time for me to go to the airport, but I can’t find my passport.",_,"транспорт, путешествие",16,
сыр,1171,cheese,N.Masc.Inan,A1,"Golosa, MiP, LM, МН, Кс",1,сыр,Acc.Sing,Катя не ест сыр с плесенью.,Katya doesn't eat blue cheese.,_,"еда, магазин",8,
сыр,1172,cheese,N.Masc.Inan,A1,"Golosa, MiP, LM, МН, Кс",2,сыром,Ins.Sing,Ты будешь бутерброд с сыром и ветчиной?,Would you like to eat a sandwich with cheese and ham?,_,"еда, магазин",8,
сыр,1173,cheese,N.Masc.Inan,A1,"Golosa, MiP, LM, МН, Кс",3,сыра,Gen.Sing,Она жить не может без сыра!,She can’t live without cheese!,_,"еда, магазин",8,
юрист,1174,lawyer,N.Masc.Anim,A1,"Golosa, MiP, МН",1,юристов,Gen.Plur,В России сейчас много юристов и экономистов.,There are a lot of lawyers and economists in Russia now.,_,"учёба/работа, люди",29,
юрист,1175,lawyer,N.Masc.Anim,A1,"Golosa, MiP, МН",2,юристы,Nom.Plur,Сколько зарабатывают юристы в Москве?,How much do lawyers in Moscow earn?,_,"учёба/работа, люди",29,
юрист,1176,lawyer,N.Masc.Anim,A1,"Golosa, MiP, МН",3,юриста,Gen.Sing,Мне нужна помощь юриста.,I need help from a lawyer.,_,"учёба/работа, люди",29,
умный,1177,smart,A,A1,"Golosa, MiP, LM, МН",1,умный,Nom.Masc.Sing,Мой сын такой умный!,My son is so smart!,_,"описание, внутренний мир",19,
умный,1178,smart,A,A1,"Golosa, MiP, LM, МН",2,умные,Nom.Plur,Дельфины — умные животные.,Dolphins are very clever animals.,_,"описание, внутренний мир",19,
умный,1179,smart,A,A1,"Golosa, MiP, LM, МН",3,умных,Gen.Plur,Я ещё не встречал таких умных студентов.,I have never met such smart students.,_,"описание, внутренний мир",19,
завтрак,1180,breakfast,N.Masc.Inan,A1,"Golosa, MiP, LM, МН",1,завтрак,Acc.Sing,Иди есть завтрак!,Come and eat breakfast!,_,еда,3,
завтрак,1181,breakfast,N.Masc.Inan,A1,"Golosa, MiP, LM, МН",2,завтрака,Gen.Sing,Мы с самого утра без завтрака. Так есть хочется!,We haven’t eaten anything since this morning. We’re so hungry now!,_,еда,3,
завтрак,1182,breakfast,N.Masc.Inan,A1,"Golosa, MiP, LM, МН",3,завтраком,Ins.Sing,За завтраком он читает новости.,He reads the news during breakfast.,_,еда,3,
курица,1183,chicken,N.Fem.Anim,A1,"Golosa, MiP, МН, Кс",1,куры,Nom.Plur,У моей бабушки в деревне живут куры. ,My grandma has hens in the village.,_,"еда, магазин",8,
курица,1184,chicken,N.Fem.Anim,A1,"Golosa, MiP, МН, Кс",2,курицу,Acc.Sing,Я не ем курицу.,I don't eat chicken.,_,"еда, магазин",8,
курица,1185,chicken,N.Fem.Anim,A1,"Golosa, MiP, МН, Кс",3,курица,Nom.Sing,Эта курица несвежая.,This chicken isn’t fresh.,_,"еда, магазин",8,
младший,1186,younger,A,A1,"Golosa, МН",1,младший,Nom.Masc.Sing,Мой младший брат любит мультики.,My little brother likes cartoons.,_,"люди, описание",15,
младший,1187,younger,A,A1,"Golosa, МН",2,младших,Gen.Plur,У Коли нет младших братьев или сестёр.,Kolya doesn’t have any younger brothers or sisters.,_,"люди, описание",15,
младший,1188,younger,A,A1,"Golosa, МН",3,младшего,Gen.Masc.Sing,У моего младшего брата большая коллекция автомобилей.,My younger brother has a big collection of cars.,_,"люди, описание",15,
конверт,1189,envelope,N.Masc.Inan,A1,"MiP, LM, МН",1,конверт,Acc.Sing,"Передайте этот конверт директору, пожалуйста!","Give this envelope to the director, please!",_,"учёба/работа, магазин",27,
конверт,1190,envelope,N.Masc.Inan,A1,"MiP, LM, МН",2,конверта,Gen.Sing,Он достал письмо из конверта и начал читать.,He took the letter out of the envelope and started to read it.,_,"учёба/работа, магазин",27,
конверт,1191,envelope,N.Masc.Inan,A1,"MiP, LM, МН",3,конверты,Nom.Plur,У вас есть большие конверты?,Do you have large envelopes?,_,"учёба/работа, магазин",27,
копейка,1192,kopeck,N.Fem.Inan,A1,"Golosa, MiP, МН",1,копейки,Gen.Sing,Вот ваша сдача — двадцать три копейки.,Here is your change — 23 kopecks.,_,магазин,23,
копейка,1193,kopeck,N.Fem.Inan,A1,"Golosa, MiP, МН",2,копеек,Gen.Plur,Хлеб стоит сорок два рубля шестьдесят копеек.,Bread costs 42 roubles and 60 kopecks.,_,магазин,23,
копейка,1194,kopeck,N.Fem.Inan,A1,"Golosa, MiP, МН",3,копейку,Acc.Sing,Он даже копейку не отдаст на благотворительность.,He won’t give even a kopeck to charity.,_,магазин,23,
фабрика,1195,factory,N.Fem.Inan,A1,"LM, МН",1,фабрике,Loc.Sing,Мы вчера были на шоколадной фабрике.,Yesterday we visited the chocolate factory.,_,учёба/работа,32,
фабрика,1196,factory,N.Fem.Inan,A1,"LM, МН",2,фабрики,Gen.Sing,Эти конфеты — из фабрики рядом с нашим домом.,These candies are from the factory next to our house.,_,учёба/работа,32,
фабрика,1197,factory,N.Fem.Inan,A1,"LM, МН",3,фабрика,Nom.Sing,В нашем городе открылась фабрика игрушек.,A toy factory opened in our city.,_,учёба/работа,32,
касса,1198,cash register,N.Fem.Inan,A1,"Golosa, MiP, LM, МН",1,кассе,Loc.Sing,Спички вы можете купить на кассе.,You can by matches at the cash register.,_,магазин,18,
касса,1199,cash register,N.Fem.Inan,A1,"Golosa, MiP, LM, МН",2,кассу,Acc.Sing,"Старший кассир, подойдите на кассу.","Senior cashier, please come to the cash register.",_,магазин,18,
касса,1200,cash register,N.Fem.Inan,A1,"Golosa, MiP, LM, МН",3,кассы,Gen.Sing,Грабители забрали из кассы все деньги.,The thieves took all the money from the cash register.,_,магазин,18,
тетрадь,1201,notebook,N.Fem.Inan,A1,"Golosa, MiP, МН",1,тетрадь,Acc.Sing,Запишите тему урока в тетрадь.,Write down the topic of the lesson in your notebook.,_,"учёба/работа, магазин",15,
тетрадь,1202,notebook,N.Fem.Inan,A1,"Golosa, MiP, МН",2,тетрадями,Ins.Plur,На экзамене нельзя пользоваться учебниками и тетрадями.,You are not allowed to use textbooks or notebooks during the exam.,_,"учёба/работа, магазин",15,
тетрадь,1203,notebook,N.Fem.Inan,A1,"Golosa, MiP, МН",3,тетради,Gen.Sing,Гриша заплакал и вырвал листок из тетради.,Grisha started crying and tore out a page from his notebook.,_,"учёба/работа, магазин",15,
приезжать,1204,arrive,V,A1,"Golosa, MiP, МН",1,приезжали,Imperf.Plur.Past,Раньше к нам каждые выходные приезжали гости.,We used to have guests at our house every weekend.,_,путешествие,30,
приезжать,1205,arrive,V,A1,"Golosa, MiP, МН",2,приезжают,Imperf.Plur.3,По выходным к нам приезжают дети и внуки.,On weekends our children and grandchildren come to visit us.,_,путешествие,30,
приезжать,1206,arrive,V,A1,"Golosa, MiP, МН",3,приезжает,Imperf.Sing.3,Завтра к нам приезжает дядя из Саратова.,Tomorrow our uncle from Saratov is coming to visit us.,_,путешествие,30,
голубой,1207,light blue,A,A1,"Golosa, MiP, МН",1,голубой,Nom.Masc.Sing,"У меня правый глаз голубой, а левый — зелёный.",My right eye is light blue and my left one is green.,_,описание,23,
голубой,1208,light blue,A,A1,"Golosa, MiP, МН",2,голубую,Acc.Fem.Sing,Он купил новую голубую рубашку.,He bought new light blue shirt.,_,описание,23,
голубой,1209,light blue,A,A1,"Golosa, MiP, МН",3,голубым,Ins.Masc.Sing,Мои комментарии к работе отмечены голубым цветом.,My comments to the paper are marked in light blue.,_,описание,23,
гитара,1210,guitar,N.Fem.Inan,A1,"Golosa, MiP, МН",1,гитару,Acc.Sing,Мы с друзьями любим петь под гитару.,My friends and I like to sing while playing the guitar.,_,свободное время,10,
гитара,1211,guitar,N.Fem.Inan,A1,"Golosa, MiP, МН",2,гитарой,Ins.Sing,Он вышел на сцену с гитарой и начал играть.,He came on stage with a guitar and started playing.,_,свободное время,10,
гитара,1212,guitar,N.Fem.Inan,A1,"Golosa, MiP, МН",3,гитара,Nom.Sing,Где твоя гитара? Ты хотел спеть нам песню.,Where’s your guitar? You wanted to sing a song for us.,_,свободное время,10,
чашка,1213,cup,N.Fem.Inan,A1,"LM, МН",1,чашку,Acc.Sing,Мама налила молока в чашку.,Mother poured milk into the cup.,_,"магазин, жильё",8,
чашка,1214,cup,N.Fem.Inan,A1,"LM, МН",2,чашки,Gen.Sing,Дети вчера разбили две чашки.,The children broke 2 cups yesterday.,_,"магазин, жильё",8,
чашка,1215,cup,N.Fem.Inan,A1,"LM, МН",3,чашкой,Ins.Sing,Она пришла на кухню с пустой чашкой.,She came into the kitchen with an empty cup.,_,"магазин, жильё",8,
южный,1216,Southern,A,A1,МН,1,южной,Gen.Fem.Sing,Маша вернулась из Южной Кореи.,Masha came back from South Korea.,_,"описание, путешествие",25,
южный,1217,Southern,A,A1,МН,2,южных,Gen.Plur,Сенатор поехал разговаривать с жителями южных штатов.,The senator went to talk with citizens of the southern states.,_,"описание, путешествие",25,
южный,1218,Southern,A,A1,МН,3,южные,Nom.Plur,Южные районы Москвы мне не нравятся.,I don't like the southern districts of Moscow.,_,"описание, путешествие",25,
мороженое,1219,ice cream,N.Neut.Inan,A1,"Golosa, MiP, LM, МН",1,мороженое,Acc.Sing,Я не люблю фисташковое мороженое.,I don't like pistachio ice-cream.,_,"еда, магазин",25,
мороженое,1220,ice cream,N.Neut.Inan,A1,"Golosa, MiP, LM, МН",2,мороженым,Ins.Sing,Петя пошёл в магазин за мороженым.,Petya went to the store to buy ice-cream.,_,"еда, магазин",25,
мороженое,1221,ice cream,N.Neut.Inan,A1,"Golosa, MiP, LM, МН",3,мороженого,Gen.Sing,Какой сорт мороженого ты любишь?,What kind of ice-cream do you like?,_,"еда, магазин",25,
синий,1222,dark blue,A,A1,"Golosa, MiP, LM, МН",1,синий,Nom.Masc.Sing,Синий автобус подъехал к остановке.,A blue bus came to the bus stop.,_,описание,7,
синий,1223,dark blue,A,A1,"Golosa, MiP, LM, МН",2,синие,Nom.Plur,Мне нужны синие туфли и зелёная шляпа.,I need blue shoes and a green hat.,_,описание,7,
синий,1224,dark blue,A,A1,"Golosa, MiP, LM, МН",3,синим,Ins.Masc.Sing,"Синим карандашом Маша нарисовала облака, а жёлтым — солнце.",Masha drew clouds with blue pencil and the sun with a yellow one.,_,описание,7,
столовая,1225,cafeteria,N.Fem.Inan,A1,"Golosa, MiP, МН",1,столовой,Loc.Sing,Мы ждём тебя в столовой. Приходи есть!,We’re waiting for you in the cafeteria. Come eat!,_,"жильё, еда",21,
столовая,1226,cafeteria,N.Fem.Inan,A1,"Golosa, MiP, МН",2,столовую,Acc.Sing,После уроков мы идём есть в столовую.,After classes we go to the cafeteria.,_,"жильё, еда",21,
столовая,1227,cafeteria,N.Fem.Inan,A1,"Golosa, MiP, МН",3,столовая,Nom.Sing,В нашем университете открылась новая столовая.,A new cafeteria opened at our university.,_,"жильё, еда",21,
сахар,1228,sugar,N.Masc.Inan,A1,"Golosa, MiP, МН",1,сахар,Acc.Sing,Я не кладу сахар в кофе.,I don’t put sugar in my coffee.,_,"еда, магазин",31,
сахар,1229,sugar,N.Masc.Inan,A1,"Golosa, MiP, МН",2,сахару,Gen.Sing,,,_,,,osolete and not A1
сахар,1230,sugar,N.Masc.Inan,A1,"Golosa, MiP, МН",3,сахара,Gen.Sing,Я не пью чай без сахара.,I don't drink tea without sugar.,_,"еда, магазин",31,
карандаш,1231,pencil,N.Masc.Inan,A1,"Golosa, MiP, LM, МН",1,карандаш,Acc.Sing,Дай мне красный карандаш.,Give me a red pencil.,_,"учёба/работа, магазин",10,
карандаш,1232,pencil,N.Masc.Inan,A1,"Golosa, MiP, LM, МН",2,карандашом,Ins.Sing,"Почему она пишет карандашом, а не ручкой?","Why is she writing with a pencil, and not with a pen?",_,"учёба/работа, магазин",10,
карандаш,1233,pencil,N.Masc.Inan,A1,"Golosa, MiP, LM, МН",3,карандаша,Gen.Sing,Я потеряла три карандаша.,I lost 3 pencils.,_,"учёба/работа, магазин",10,
рад,1234,glad,A,A1,"LM, МН",1,рад,Masc.Sing,"Как я рад, что вы пришли!",I’m so glad that you came!,_,"описание, внутренний мир",12,
рад,1235,glad,A,A1,"LM, МН",2,рады,Plur,Мы всегда рады вас видеть.,We're always happy to see you.,_,"описание, внутренний мир",12,
рад,1236,glad,A,A1,"LM, МН",3,рада,Fem.Sing,"Я так рада, что сегодня выходной!",I'm so happy that today is a day off.,_,"описание, внутренний мир",12,
разумный,1237,reasonable,A,A1,МН,1,разумными,Ins.Plur,Это магазин с разумными ценами.,This is a shop with reasonable prices.,_,"описание, внутренний мир",28,
разумный,1238,reasonable,A,A1,МН,2,разумная,Nom.Fem.Sing,"Я думаю, что это разумная тактика. Так мы точно выиграем.",I think it’s a reasonable tactic. We’ll definitely win that way.,_,"описание, внутренний мир",28,
разумный,1239,reasonable,A,A1,МН,3,разумных,Gen.Plur,Разумных причин для такого решения не было.,There weren’t solid reasons for such a decision.,_,"описание, внутренний мир",28,
коммуникация,1240,communication,N.Fem.Inan,A1,"Golosa, MiP, МН",1,коммуникаций,Gen.Plur,Средства массовых коммуникаций очень важны в современном мире.,Mass media is very important in the modern world.,_,общение,,
коммуникация,1241,communication,N.Fem.Inan,A1,"Golosa, MiP, МН",2,коммуникации,Gen.Sing,Личное общение — мой любимый способ коммуникации.,Personal interaction is my favorite means of communication.,_,общение,,
коммуникация,1242,communication,N.Fem.Inan,A1,"Golosa, MiP, МН",3,коммуникациям,Dat.Plur,Фильм снят на деньги агентства по печати и массовым коммуникациям.,The movie was filmed with the help of money from the press and mass media agency.,_,общение,,
продолжать,1243,continue,V,A1,МН,1,продолжает,Imperf.Sing.3,Курс рубля продолжает падать.,The exchange rate of the rouble keeps falling.,_,"время, учёба/работа",27,
продолжать,1244,continue,V,A1,МН,2,продолжал,Imperf.Masc.Sing.Past,"Все ушли, но он продолжал петь.",Everybody already left but he kept singing.,_,"время, учёба/работа",27,
продолжать,1245,continue,V,A1,МН,3,продолжать,Imperf.Inf,Я не хочу продолжать здесь работать.,I don't want to continue working here.,_,"время, учёба/работа",27,
картошка,1246,potato,N.Fem.Inan,A1,"Golosa, MiP, МН, Кс",1,картошку,Acc.Sing,Я люблю картошку со сметаной.,I like potatoes with sour cream.,_,"еда, магазин",23,
картошка,1247,potato,N.Fem.Inan,A1,"Golosa, MiP, МН, Кс",2,картошки,Gen.Sing,У нас нет картошки. Надо купить!,We don’t have any potatoes We need to buy some!,_,"еда, магазин",23,
картошка,1248,potato,N.Fem.Inan,A1,"Golosa, MiP, МН, Кс",3,картошкой,Ins.Sing,Наташа пошла на рынок за картошкой.,Natasha went to the market to buy potatoes.,_,"еда, магазин",23,
балет,1249,ballet,N.Masc.Inan,A1,"Golosa, MiP, МН",1,балета,Gen.Sing,В Большой театр приехали звёзды мирового балета.,The stars of the ballet world came to the Bolshoi theatre.,_,свободное время,9,
балет,1250,ballet,N.Masc.Inan,A1,"Golosa, MiP, МН",2,балет,Acc.Sing,Мы сегодня идём на балет в Мариинский театр.,We’re going to the Mariinsky theatre to watch a ballet tonight.,_,свободное время,9,
балет,1251,ballet,N.Masc.Inan,A1,"Golosa, MiP, МН",3,балетов,Gen.Plur,За год я посмотрел больше десяти балетов.,I have seen more than 10 ballets this year.,_,свободное время,9,
архитектура,1252,architecture,N.Fem.Inan,A1,"Golosa, MiP, МН",1,архитектуры,Gen.Sing,Тадж-Махал — шедевр архитектуры.,The Taj Mahal is an architectural masterpiece.,_,"учёба/работа, жильё",32,
архитектура,1253,architecture,N.Fem.Inan,A1,"Golosa, MiP, МН",2,архитектура,Nom.Sing,Мне очень нравится современная архитектура.,I really like modern architecture.,_,"учёба/работа, жильё",32,
архитектура,1254,architecture,N.Fem.Inan,A1,"Golosa, MiP, МН",3,архитектуре,Dat.Sing,"Он относится к архитектуре, как к искусству.",He treats architecture as art.,_,"учёба/работа, жильё",32,
талантливый,1255,talented,A,A1,МН,1,талантливый,Nom.Masc.Sing,Этот художник очень талантливый.,This artist is very talented.,_,"описание, внутренний мир",26,
талантливый,1256,talented,A,A1,МН,2,талантливые,Nom.Plur,У меня очень талантливые внуки.,My grandchildren are very talented.,_,"описание, внутренний мир",26,
талантливый,1257,talented,A,A1,МН,3,талантливого,Gen.Masc.Sing,В чём секрет талантливого художника?,What is the secret to a talented artist?,_,"описание, внутренний мир",26,
ужин,1258,dinner,N.Masc.Inan,A1,"Golosa, MiP, LM, МН",1,ужин,Acc.Sing,Что у нас сегодня на ужин?,What are we having for dinner today?,_,"еда, свободное время, время",8,
ужин,1259,dinner,N.Masc.Inan,A1,"Golosa, MiP, LM, МН",2,ужина,Gen.Sing,Мы не успели на поезд и остались без ужина.,We were late for the train so we didn’t get dinner.,_,"еда, свободное время, время",8,
ужин,1260,dinner,N.Masc.Inan,A1,"Golosa, MiP, LM, МН",3,ужину,Dat.Sing,Папа будет дома к ужину.,Dad will be at home for dinner.,_,"еда, свободное время, время",8,
национальность,1261,nationality,N.Fem.Inan,A1,"Golosa, MiP, МН",1,национальности,Gen.Sing,Какой национальности твои родители?,What is your parents’ nationality?,_,"политика, люди",25,
национальность,1262,nationality,N.Fem.Inan,A1,"Golosa, MiP, МН",2,национальность,Nom.Sing,"Нам неважно, какая у вас национальность.",It doesn’t matter for us what your nationality is.,_,"политика, люди",25,
национальность,1263,nationality,N.Fem.Inan,A1,"Golosa, MiP, МН",3,национальностей,Gen.Plur,На ужин собрались представители шести национальностей.,People of 6 nationalities gathered for the dinner.,_,"политика, люди",25,
лампа,1264,lamp,N.Fem.Inan,A1,"Golosa, MiP, LM, МН",1,лампы,Gen.Sing,Свет от лампы был очень ярким. ,The light from the lamp was very bright.,_,"жильё, магазин",5,
лампа,1265,lamp,N.Fem.Inan,A1,"Golosa, MiP, LM, МН",2,лампу,Acc.Sing,Я хочу купить новую настольную лампу. ,I want to buy a new desk lamp.,_,"жильё, магазин",5,
лампа,1266,lamp,N.Fem.Inan,A1,"Golosa, MiP, LM, МН",3,лампа,Nom.Sing,Лампа у меня на столе не работает.,The lamp on my desk doesn’t work.,_,"жильё, магазин",5,
биология,1267,biology,N.Fem.Inan,A1,"Golosa, MiP, МН",1,биологии,Gen.Sing,Я не пришёл на прошлый урок биологии. ,I didn’t come to the last biology class.,_,"учёба/работа, животные/растения",22,
биология,1268,biology,N.Fem.Inan,A1,"Golosa, MiP, МН",2,биология,Nom.Sing,Моим любимым уроком в школе была биология. ,Biology was my favorite subject at school.,_,"учёба/работа, животные/растения",22,
биология,1269,biology,N.Fem.Inan,A1,"Golosa, MiP, МН",3,биологию,Acc.Sing,Мой брат изучает биологию в университете. ,My brother studies biology at the university.,_,"учёба/работа, животные/растения",22,
чайник,1270,teapot,N.Masc.Inan,A1,"LM, МН",1,чайника,Gen.Sing,Налей мне воды из чайника. ,Pour me some water from the teapot.,_,"еда, магазин",18,
чайник,1271,teapot,N.Masc.Inan,A1,"LM, МН",2,чайник,Acc.Sing,"Включи чайник, пожалуйста!","Turn on the tea kettle, please!",_,"еда, магазин",18,
чайник,1272,teapot,N.Masc.Inan,A1,"LM, МН",3,чайников,Gen.Plur,У моей бабушки дома коллекция чайников.,My grandmother has a collection of teapots at home.,_,"еда, магазин",18,
бытовой,1273,household,A,A1,МН,1,бытовых,Gen.Plur,В нашем городе построили завод переработки бытовых отходов.,A waste recycling plant was built in our city.,_,жильё,29,
бытовой,1274,household,A,A1,МН,2,бытовые,Inan.Acc.Plur,Перед выходом из дома отключайте от электричества все бытовые приборы!,Turn off all the household appliances before leaving home!,_,жильё,29,
бытовой,1275,household,A,A1,МН,3,бытового,Gen.Masc.Sing,В соседнем доме произошёл взрыв бытового газа.,There was a gas explosion in the house next door.,_,жильё,29,
пятница,1276,Friday,N.Fem.Inan,A1,"Golosa, MiP, LM, МН",1,пятницу,Acc.Sing,Какие у тебя планы на эту пятницу?,What are your plans for this Friday?,_,время,6,
пятница,1277,Friday,N.Fem.Inan,A1,"Golosa, MiP, LM, МН",2,пятница,Nom.Sing,Пятница — мой любимый день.,Friday is my favorite day.,_,время,6,
пятница,1278,Friday,N.Fem.Inan,A1,"Golosa, MiP, LM, МН",3,пятницы,Gen.Sing,Я должна купить новое платье до пятницы.,I have to buy a new dress by Friday.,_,время,6,
дешевый,1279,cheap,A,A1,МН,1,дешевле,Comparative,Моя новая квартира дешевле старой.,My new apartment is cheaper than the old one.,_,магазин,17,
дешевый,1280,cheap,A,A1,МН,2,дешёвый,Nom.Masc.Sing,Это самый дешёвый супермаркет в городе.,This is the cheapest supermarket in the city.,_,магазин,17,
дешевый,1281,cheap,A,A1,МН,3,дешёвая,Nom.Fem.Sing,Эта сумка красивая и дешёвая. Беру!,This bag is beautiful and cheap. I’ll take it!,_,магазин,17,
фрукт,1282,fruit,N.Masc.Inan,A1,"LM, МН",1,фрукты,Nom.Plur,Какие фрукты растут у вас в саду?,What fruits grow in your garden?,_,"еда, магазин",8,
фрукт,1283,fruit,N.Masc.Inan,A1,"LM, МН",2,фруктов,Gen.Plur,Купи домой немного фруктов.,Buy some fruit to take home.,_,"еда, магазин",8,
фрукт,1284,fruit,N.Masc.Inan,A1,"LM, МН",3,фруктам,Dat.Plur,Это вино хорошо подходит к фруктам и сырам.,This wine goes well with fruit and cheese.,_,"еда, магазин",8,
четверг,1285,Thursday,N.Masc.Inan,A1,"Golosa, MiP, LM, МН, Кс",1,четверг,Acc.Sing,Что вы делаете в этот четверг?,What are you doing this Thursday?,_,время,6,
четверг,1286,Thursday,N.Masc.Inan,A1,"Golosa, MiP, LM, МН, Кс",2,четвергам,Dat.Plur,По четвергам я хожу в бассейн.,I go to the swimming pool on Thursdays.,_,время,6,
четверг,1287,Thursday,N.Masc.Inan,A1,"Golosa, MiP, LM, МН, Кс",3,четверга,Gen.Sing,Меня не будет в городе до четверга.,I won’t be in the city until Thursday.,_,время,6,
колбаса,1288,sausage,N.Fem.Inan,A1,"Golosa, MiP, LM, МН",1,колбасы,Gen.Sing,Мама попросила меня нарезать колбасы.,Mom asked me to cut up the sausage.,_,"еда, магазин",8,
колбаса,1289,sausage,N.Fem.Inan,A1,"Golosa, MiP, LM, МН",2,колбасу,Acc.Sing,Настя забыла купить колбасу.,Nastya forgot to buy sausage.,_,"еда, магазин",8,
колбаса,1290,sausage,N.Fem.Inan,A1,"Golosa, MiP, LM, МН",3,колбаса,Nom.Sing,Колбаса — вредный продукт.,Sausage is a product that is bad for your health.,_,"еда, магазин",8,
книжный,1291,book,A,A1,"Golosa, MiP, LM, МН",1,книжной,Gen.Fem.Sing,Возьми мои часы с книжной полки.,Get my watch from off the bookshelf.,_,"описание, магазин",26,
книжный,1292,book,A,A1,"Golosa, MiP, LM, МН",2,книжный,Nom.Masc.Sing,У правой стены стоял большой книжный шкаф.,A big bookcase stood next to the wall on the right.,_,"описание, магазин",26,
книжный,1293,book,A,A1,"Golosa, MiP, LM, МН",3,книжного,Gen.Neut.Sing,Иван стал директором книжного издательства.,Ivan became the manager of a book publishing house.,_,"описание, магазин",26,
теннис,1294,tennis,N.Masc.Inan,A1,"MiP, LM, МН",1,теннису,Dat.Sing,Турнир по большому теннису прошёл на прошлой неделе в Москве.,The tennis tournament was held in Moscow last week.,_,свободное время,9,
теннис,1295,tennis,N.Masc.Inan,A1,"MiP, LM, МН",2,тенниса,Gen.Sing,Мама купила Паше новую форму для тенниса.,Mother bought Pasha a new tennis outfit.,_,свободное время,9,
теннис,1296,tennis,N.Masc.Inan,A1,"MiP, LM, МН",3,теннис,Nom.Sing,Большой теннис — мой любимый вид спорта.,Tennis is my favorite sport.,_,свободное время,9,
паспорт,1297,passport,N.Masc.Inan,A1,"Golosa, MiP, LM, МН",1,паспорт,Acc.Sing,Я потерял свой паспорт в отпуске.,I lost my passport when I was on vacation.,_,"путешествие, учёба/работа",16,
паспорт,1298,passport,N.Masc.Inan,A1,"Golosa, MiP, LM, МН",2,паспорту,Dat.Sing,"По паспорту ему сорок один год, но все говорят, что больше.","According to his passport he’s 41, but everybody says he's older.",_,"путешествие, учёба/работа",16,
паспорт,1299,passport,N.Masc.Inan,A1,"Golosa, MiP, LM, МН",3,паспортом,Ins.Sing,Подойдите с паспортом в двадцать второй кабинет.,Go to room 22 with your passport.,_,"путешествие, учёба/работа",16,
студенческий,1300,student,A,A1,МН,1,студенческий,Nom.Masc.Sing,Студенческий обед с столовой стоит сто двадцать рублей.,A student lunch at the cafeteria costs 120 roubles.,_,"описание, учёба/работа",22,
студенческий,1301,student,A,A1,МН,2,студенческого,Gen.Masc.Sing,Они подошли к главному входу студенческого общежития.,They came to the main entrance of the student dormitory.,_,"описание, учёба/работа",22,
студенческий,1302,student,A,A1,МН,3,студенческих,Gen.Plur,Он написал статью для сборника студенческих работ.,He wrote an article for an anthology of student works.,_,"описание, учёба/работа",22,
овощ,1303,vegetable,N.Masc.Inan,A1,МН,1,овощи,Acc.Plur,Какие овощи любят ваши дети?,What vegetables do your children like?,_,"еда, магазин",23,
овощ,1304,vegetable,N.Masc.Inan,A1,МН,2,овощей,Gen.Plur,Мой муж умеет готовить только салат из овощей и яичницу.,The only things my husband knows how to make are vegetable salad and scrambled eggs.,_,"еда, магазин",23,
1305 deleted,,,,,,,,,,,,,,
просить,1306,ask,V,A1,"MiP, LM, МН",1,прошу,Imperf.Sing.1,"Прошу вас, помогите мне!",I’m begging you to help me!,_,"люди, общение",20,
просить,1307,ask,V,A1,"MiP, LM, МН",2,просит,Imperf.Sing.3,Олег просит совета у Кати.,Oleg asks for Katya’s advice.,_,"люди, общение",20,
просить,1308,ask,V,A1,"MiP, LM, МН",3,просил,Imperf.Masc.Sing.Past,Мой сын три дня просил у меня эту игрушку.,My son was asking me for that toy for 3 days.,_,"люди, общение",20,
виза,1309,visa,N.Fem.Inan,A1,"Golosa, MiP, LM, МН",1,визы,Nom.Plur,Визы каких стран есть у тебя в паспорте?,Which countries do you have visas for in your passport?,_,путешествие,16,
виза,1310,visa,N.Fem.Inan,A1,"Golosa, MiP, LM, МН",2,виз,Gen.Plur,В какие страны российские граждане могут въезжать без виз?,Which countries can Russians enter without a visa?,_,путешествие,16,
виза,1311,visa,N.Fem.Inan,A1,"Golosa, MiP, LM, МН",3,визу,Acc.Sing,Ты уже подал документы на визу?,Have you already applied for the visa?,_,путешествие,16,
троллейбус,1312,trolleybus,N.Masc.Inan,A1,"MiP, LM, МН",1,троллейбусе,Loc.Sing,Мы поедем в театр на троллейбусе.,We'll go to the theatre by trolleybus.,_,транспорт,32,
троллейбус,1313,trolleybus,N.Masc.Inan,A1,"MiP, LM, МН",2,троллейбусы,Nom.Plur,По этой улице троллейбусы не ездят.,Trolleybuses don’t go down this street.,_,транспорт,32,
троллейбус,1314,trolleybus,N.Masc.Inan,A1,"MiP, LM, МН",3,троллейбусов,Gen.Plur,Пятого июля не будет движения троллейбусов по улице Ленина.,No trolleybuses will go along Lenin street on July 5th.,_,транспорт,32,
аптека,1315,pharmacy,N.Fem.Inan,A1,"MiP, МН, Поехали",1,аптеку,Acc.Sing,Я пошла в аптеку за парацетамолом.,I went to the pharmacy to buy paracetamol.,_,здоровье,2,
аптека,1316,pharmacy,N.Fem.Inan,A1,"MiP, МН, Поехали",2,аптеке,Loc.Sing,В этой аптеке нет моего лекарства.,They don’t have my medicine at this pharmacy.,_,здоровье,2,
аптека,1317,pharmacy,N.Fem.Inan,A1,"MiP, МН, Поехали",3,аптека,Nom.Sing,Эта аптека сегодня не работает.,This pharmacy is closed today.,_,здоровье,2,
упражнение,1318,excersise,N.Neut.Inan,A1,"Golosa, MiP, МН",1,упражнения,Acc.Plur,Я не люблю упражнения на грамматику.,I don't like grammar exercises.,_,"здоровье, свободное время, учёба/работа",17,
упражнение,1319,excersise,N.Neut.Inan,A1,"Golosa, MiP, МН",2,упражнениями,Ins.Plur,Я забыла тетрадь с упражнениями дома. ,I forgot my exercise book at home.,_,"здоровье, свободное время, учёба/работа",17,
упражнение,1320,excersise,N.Neut.Inan,A1,"Golosa, MiP, МН",3,упражнениям,Dat.Plur,Ответы к упражнениям находятся в конце учебника. ,The answers to the exercises are in the back of the book.,_,"здоровье, свободное время, учёба/работа",17,
домохозяйка,1321,housewife,N.Fem.Anim,A1,"Golosa, MiP, МН",1,домохозяйка,Nom.Sing,Его жена — домохозяйка.,His wife is a housewife.,_,люди,29,
домохозяйка,1322,housewife,N.Fem.Anim,A1,"Golosa, MiP, МН",2,домохозяйки,Nom.Plur,Любимый сериал моей мамы — «Отчаянные домохозяйки».,My mom’s favorite TV series is «Desperate Housewives».,_,люди,29,
фотоаппарат,1323,camera,N.Masc.Inan,A1,"Golosa, MiP, МН",1,фотоаппарата,Gen.Sing,"Здесь так красиво! Жаль, что у меня нет с собой фотоаппарата.",It's so beautiful here! It’s such a pity I don’t have my camera.,_,"свободное время, магазин",20,
фотоаппарат,1324,camera,N.Masc.Inan,A1,"Golosa, MiP, МН",2,фотоаппарат,Acc.Sing,Все фотографии я сделала на профессиональный фотоаппарат.,I took all the photos with a professional camera.,_,"свободное время, магазин",20,
фотоаппарат,1325,camera,N.Masc.Inan,A1,"Golosa, MiP, МН",3,фотоаппараты,Acc.Plur,Многие мои друзья купили фотоаппараты для работы.,Many of my friends have bought cameras for work.,_,"свободное время, магазин",20,
смелый,1326,brave,A,A1,МН,1,смелый,Nom.Masc.Sing,"Мой брат добрый, смелый и умный.","My brother is kind, brave and smart.",_,"описание, внутренний мир",32,
смелый,1327,brave,A,A1,МН,2,смелые,Nom.Plur,Пусть сбываются ваши самые смелые мечты!,Let all your wildest dreams come true!,_,"описание, внутренний мир",32,
смелый,1328,brave,A,A1,МН,3,смелая,Nom.Fem.Sing,Прыгнуть с парашютом — это очень смелая идея.,Skydiving is a very daring idea.,_,"описание, внутренний мир",32,
открытка,1329,postcard,N.Fem.Inan,A1,"MiP, LM, МН",1,открыток,Gen.Plur,Катя купила в Таллине набор открыток.,Katya bought a set of postcards in Tallinn.,_,"общение, магазин",27,
открытка,1330,postcard,N.Fem.Inan,A1,"MiP, LM, МН",2,открытки,Nom.Plur,В магазине закончились открытки с днём рождения.,There are no more birthday cards in the shop.,_,"общение, магазин",27,
открытка,1331,postcard,N.Fem.Inan,A1,"MiP, LM, МН",3,открытка,Nom.Sing,Сколько стоит эта открытка?,How much does this postcard cost?,_,"общение, магазин",27,This sentence sounds ungrammatical to me: свой should refer to the subject which is открытка here.
работать,1332,work,V,A1,"Golosa, MiP, LM, МН",1,работать,Imperf.Inf,Я не люблю работать по ночам.,I don't like to work at night.,_,учёба/работа,3,
работать,1333,work,V,A1,"Golosa, MiP, LM, МН",2,работает,Imperf.Sing.3,Моя сестра работает врачом.,My sister works as a doctor.,_,учёба/работа,3,
работать,1334,work,V,A1,"Golosa, MiP, LM, МН",3,работают,Imperf.Plur.3,Где работают твои родители?,Where do your parents work?,_,учёба/работа,3,
шарф,1335,scarf,N.Masc.Inan,A1,"LM, МН, Кс",1,шарфом,Ins.Sing,"Было очень холодно, и она укрылась шарфом.",It was very cold so she put on a scarf.,_,"магазин, одежда",13,
шарф,1336,scarf,N.Masc.Inan,A1,"LM, МН, Кс",2,шарфе,Loc.Sing,Мне было тепло в этом шерстяном шарфе.,I felt warm in that woolen scarf.,_,"магазин, одежда",13,
шарф,1337,scarf,N.Masc.Inan,A1,"LM, МН, Кс",3,шарф,Nom.Sing,Мой новый шарф очень тёплый.,My new scarf is very warm.,_,"магазин, одежда",13,
сувенир,1338,souvenir,N.Masc.Inan,A1,"Golosa, MiP, МН",1,сувениры,Acc.Plur,Вы привозите сувениры из путешествий?,Do you bring home souvenirs from your travels?,_,"путешествие, магазин",20,
сувенир,1339,souvenir,N.Masc.Inan,A1,"Golosa, MiP, МН",2,сувениров,Gen.Plur,Я не успела купить никаких сувениров в Греции.,I didn't have time to buy any souvenirs in Greece.,_,"путешествие, магазин",20,
сувенир,1340,souvenir,N.Masc.Inan,A1,"Golosa, MiP, МН",3,сувенирами,Ins.Plur,В последний день мы пошли за сувенирами.,On the last day we went souvenir shopping.,_,"путешествие, магазин",20,
коричневый,1341,brown,A,A1,"Golosa, MiP, МН",1,коричневых,Gen.Plur,"У меня нет коричневых сапог, а они мне так нужны к этой куртке.",I don't have any brown boots and I really need them with this jacket.,_,описание,27,
коричневый,1342,brown,A,A1,"Golosa, MiP, МН",2,коричневыми,Ins.Plur,Я купила белую футболку с коричневыми полосками.,I bought a white T-shirt with brown stripes.,_,описание,27,
коричневый,1343,brown,A,A1,"Golosa, MiP, МН",3,коричневые,Nom.Plur,У Насти были длинные коричневые волосы и чёрные глаза.,Nastya had long brown hair and dark brown eyes.,_,описание,27,
должный,1344,proper,A,A1,МН,1,должного,Gen.Neut.Sing,"Мы считаем, что они не уделяют ребёнку должного внимания.",We don't think that they pay enough attention to their child.,_,"описание, учёба/работа",24,
должный,1345,proper,A,A1,МН,2,должным,Ins.Masc.Sing,"Я верю, что в нашем городе люди воспитаны должным образом.",I believe that people in our city are brought up properly.,_,"описание, учёба/работа",24,
должный,1346,proper,A,A1,МН,3,должную,Acc.Fem.Sing,Государство оказывает бедным семьям должную помощь.,The government gives proper help to families with low income.,_,"описание, учёба/работа",24,
разговаривать,1347,talk,V,A1,"Golosa, MiP, LM, МН",1,разговаривать,Imperf.Inf,Я не люблю разговаривать с незнакомыми людьми.,I don't like talking with strangers.,_,"люди, общение",15,
разговаривать,1348,talk,V,A1,"Golosa, MiP, LM, МН",2,разговаривали,Imperf.Plur.Past,Мы вчера три часа разговаривали с коллегами после работы.,After work I spent 3 hours talking with my co-workers.,_,"люди, общение",15,
разговаривать,1349,talk,V,A1,"Golosa, MiP, LM, МН",3,разговаривал,Imperf.Masc.Sing.Past,Он весь вечер ни с кем не разговаривал.,He didn’t talk to anybody the whole evening.,_,"люди, общение",15,
сделать,1350,make,V,A1,"Golosa, MiP, LM, МН",1,сделать,Perf.Inf,Как сделать хорошую фотографию?,How do you take a good photograph?,_,учёба/работа,22,
сделать,1351,make,V,A1,"Golosa, MiP, LM, МН",2,сделал,Perf.Masc.Sing.Past,Каждый актёр сделал свою работу великолепно.,Every actor did an excellent job.,_,учёба/работа,22,
сделать,1352,make,V,A1,"Golosa, MiP, LM, МН",3,сделали,Perf.Plur.Past,"Они сделали большую ошибку, что пошли в тот клуб.",They made a big mistake when they went to that club.,_,учёба/работа,22,
сидеть,1353,sit,V,A1,"MiP, LM, МН",1,сидел,Imperf.Masc.Sing.Past,Мальчик сидел на берегу и смотрел на море.,The boy was sitting on the shore and looking at the sea.,_,"люди, жильё, свободное время, описание",19,
сидеть,1354,sit,V,A1,"MiP, LM, МН",2,сидит,Imperf.Sing.3,Петя заболел и сегодня сидит дома.,Petya got sick so today he is staying at home.,_,"люди, жильё, свободное время, описание",19,
сидеть,1355,sit,V,A1,"MiP, LM, МН",3,сидеть,Imperf.Inf,Мой ребёнок научился сидеть!,My baby learned how to sit!,_,"люди, жильё, свободное время, описание",19,
сказать,1356,say,V,A1,"Golosa, MiP, LM, МН",1,сказал,Perf.Masc.Sing.Past,Что он тебе сказал в тот вечер?,What did he tell you that night?,_,общение,24,
сказать,1357,say,V,A1,"Golosa, MiP, LM, МН",2,сказать,Perf.Inf,"Я не знаю, как сказать это по-русски.",I don't know how to say that in Russian.,_,общение,24,
сказать,1358,say,V,A1,"Golosa, MiP, LM, МН",3,сказала,Perf.Fem.Sing.Past,Зачем ты ему это сказала?,Why did you say that to him?,_,общение,24,
смотреть,1359,watch,V,A1,"LM, МН",1,смотреть,Imperf.Inf,Андрей любит смотреть футбол.,Andrey likes to watch soccer.,_,"свободное время, общение",10,
смотреть,1360,watch,V,A1,"LM, МН",2,смотрел,Imperf.Masc.Sing.Past,Ты смотрел вчера матч Россия-Испания?,Did you watch the game between Russia and Spain yesterday?,_,"свободное время, общение",10,
смотреть,1361,watch,V,A1,"LM, МН",3,смотрит,Imperf.Sing.3,Что Вася сейчас смотрит?,What is Vasya watching now?,_,"свободное время, общение",10,
смочь,1362,be able to,V,A1,"LM, МН",1,смогли,Perf.Plur.Past,Мы не смогли вчера прийти на лекцию.,We couldn’t come to the lecture yesterday.,_,"люди, свободное время",32,
смочь,1363,be able to,V,A1,"LM, МН",2,сможет,Perf.Sing.3,Мой папа не сможет пойти со мной в кино — он работает.,My dad can’t go to the cinema with me — he is working.,_,"люди, свободное время",32,
смочь,1364,be able to,V,A1,"LM, МН",3,смог,Perf.Masc.Sing.Past,Я не смог поднять эту коробку — она слишком тяжёлая.,I couldn’t lift that box — it is too heavy.,_,"люди, свободное время",32,
спать,1365,sleep,V,A1,"LM, МН",1,спать,Imperf.Inf,У меня был долгий перелёт. Я очень хочу спать.,I had a long flight. I really want to sleep.,_,свободное время,9,
спать,1366,sleep,V,A1,"LM, МН",2,спал,Imperf.Masc.Sing.Past,Сегодня ночью я совсем не спал.,I didn’t sleep at all last night.,_,свободное время,9,
спать,1367,sleep,V,A1,"LM, МН",3,спит,Imperf.Sing.3,Тихо! Маша спит.,Quiet! Masha is sleeping.,_,свободное время,9,
спрашивать,1368,ask,V,A1,"Golosa, MiP, LM, МН",1,спрашивает,Imperf.Sing.3,"Ваня спрашивает, во сколько сегодня ужин?",Vanya is asking what time is dinner tonight?,_,общение,15,
спрашивать,1369,ask,V,A1,"Golosa, MiP, LM, МН",2,спрашивать,Imperf.Inf,"Я не буду спрашивать, откуда у него деньги на новую квартиру.",I won't ask him where he got the money for a new apartment.,_,общение,15,
спрашивать,1370,ask,V,A1,"Golosa, MiP, LM, МН",3,спрашиваю,Imperf.Sing.1,Я тебя ещё раз спрашиваю: где моя куртка?,I’m asking you one more time: where is my coat?,_,общение,15,
становиться,1371,become,V,A1,"MiP, LM, МН",1,становится,Imperf.Sing.3,"Из его оценок становится понятно, почему он бросил университет.",It becomes clear from his grades why he quit university studies.,_,"учёба/работа, время",33,
становиться,1372,become,V,A1,"MiP, LM, МН",2,становятся,Imperf.Plur.3,Осенью дни становятся короче.,In fall days get shorter.,_,"учёба/работа, время",33,
становиться,1373,become,V,A1,"MiP, LM, МН",3,становилось,Imperf.Neut.Sing.Past,На уроках математики мне становилось очень скучно.,I was very bored in math class.,_,"учёба/работа, время",33,
стоить,1374,cost,V,A1,"Golosa, MiP, LM, МН",1,стоит,Imperf.Sing.3,Сколько стоит этот дом?,How much does this house cost?,_,магазин,20,
стоить,1375,cost,V,A1,"Golosa, MiP, LM, МН",2,стоило,Imperf.Neut.Sing.Past,Посмотреть эту выставку стоило пятьсот рублей.,It cost 500 roubles to see that exhibition.,_,магазин,20,
стоить,1376,cost,V,A1,"Golosa, MiP, LM, МН",3,стоят,Imperf.Plur.3,Два килограмма яблок стоят двести пятьдесят рублей.,2 kilos of apples cost 250 roubles.,_,магазин,20,
стоять,1377,stand,V,A1,"Golosa, MiP, LM, МН",1,стоит,Imperf.Sing.3,Катя стоит на остановке и ждёт свой автобус.,Katya is standing at the bus stop and waiting for her bus.,_,жильё,5,
стоять,1378,stand,V,A1,"Golosa, MiP, LM, МН",2,стоял,Imperf.Masc.Sing.Past,В этом углу раньше стоял стол.,There used to be the table standing in this corner.,_,жильё,5,
стоять,1379,stand,V,A1,"Golosa, MiP, LM, МН",3,стояли,Imperf.Plur.Past,"На столе стояли пироги: с мясом, с капустой и с ягодами.","There were pies on the table: meat ones, cabbage ones and berry ones.",_,жильё,5,
строить,1380,build,V,A1,"MiP, МН",1,строить,Imperf.Inf,Рядом с нашим домом будут строить новый мост.,A new bridge will be constructed next to our house.,_,"учёба/работа, жильё",26,
строить,1381,build,V,A1,"MiP, МН",2,строили,Imperf.Plur.Past,Мы строили этот дом пять лет.,We’ve been building this house for 5 years.,_,"учёба/работа, жильё",26,
строить,1382,build,V,A1,"MiP, МН",3,строит,Imperf.Sing.3,Коля всё ещё строит свой дом?,Is Kolya still building his home?,_,"учёба/работа, жильё",26,
танцевать,1383,dance,V,A1,"MiP, LM, МН",1,танцевать,Imperf.Inf,Мои дети не любят танцевать.,My children don’t like dancing.,_,свободное время,24,
танцевать,1384,dance,V,A1,"MiP, LM, МН",2,танцует,Imperf.Sing.3,Как красиво танцует эта балерина!,How beautifully that ballerina dances!,_,свободное время,24,
танцевать,1385,dance,V,A1,"MiP, LM, МН",3,танцевал,Imperf.Masc.Sing.Past,"Он раньше танцевал в Большом театре, а потом переехал в Лондон.",He used to dance at the Bolshoi theatre and then he moved to London.,_,свободное время,24,
увидеть,1386,see,V,A1,"LM, МН",1,увидел,Perf.Masc.Sing.Past,"Я тебя сразу увидел, когда ты вошла.",I saw you as soon as you came in.,_,внутренний мир,22,
увидеть,1387,see,V,A1,"LM, МН",2,увидеть,Perf.Inf,Я хочу увидеть Эйфелеву башню своими глазами.,I want to see the Eiffel tower with my own eyes.,_,внутренний мир,22,
увидеть,1388,see,V,A1,"LM, МН",3,увидела,Perf.Fem.Sing.Past,Я увидела тебя из окна и пошла открывать дверь. ,I saw you from the window and went to open the door.,_,внутренний мир,22,This seems like a strange sentence.
ужинать,1389,eat dinner,V,A1,"LM, МН",1,ужинал,Imperf.Masc.Sing.Past,Ты уже ужинал сегодня?,Have you already had dinner today?,_,еда,8,
ужинать,1390,eat dinner,V,A1,"LM, МН",2,ужинать,Imperf.Inf,Ты идёшь ужинать с нами?,Are you coming to dinner with us?,_,еда,8,
ужинать,1391,eat dinner,V,A1,"LM, МН",3,ужинали,Imperf.Plur.Past,Где вы вчера ужинали?,Where did you have dinner yesterday?,_,еда,8,
умирать,1392,die,V,A1,"Golosa, MiP, LM, МН",1,умирает,Imperf.Sing.3,Надежда умирает последней.,Hope dies last.,_,"люди, время, здоровье",25,
умирать,1393,die,V,A1,"Golosa, MiP, LM, МН",2,умирают,Imperf.Plur.3,Мои цветы всё время умирают.,My flowers always die.,_,"люди, время, здоровье",25,
умирать,1394,die,V,A1,"Golosa, MiP, LM, МН",3,умирать,Imperf.Inf,Умирать всегда страшно.,It's always scary to die.,_,"люди, время, здоровье",25,
уставать,1395,be tired,V,A1,"LM, МН",1,устаю,Imperf.Sing.1,"Я быстро устаю, когда бегаю.",I get tired very quickly when I run.,_,"учёба/работа, здоровье, свободное время",23,
уставать,1396,be tired,V,A1,"LM, МН",2,уставала,Imperf.Fem.Sing.Past,Она быстро уставала на занятиях йогой.,She got tired quickly at yoga classes.,_,"учёба/работа, здоровье, свободное время",23,
уставать,1397,be tired,V,A1,"LM, МН",3,устаёшь,Imperf.Sing.2,Ты так много работаешь! Как ты не устаёшь?,You are working so much! How is it that you don’t get tired?,_,"учёба/работа, здоровье, свободное время",23,
учить,1398,teach,V,A1,"MiP, МН",1,учить,Imperf.Inf,В следующем году я буду учить немецкий.,Next year I’ll start learning German.,_,учёба/работа,22,
учить,1399,teach,V,A1,"MiP, МН",2,учат,Imperf.Plur.3,Мои дети учат английский и французский.,My children are learning English and French.,_,учёба/работа,22,
учить,1400,teach,V,A1,"MiP, МН",3,учит,Imperf.Sing.3,Паша весь день учит стихотворение.,Pasha has been trying to memorize the poem all day long.,_,учёба/работа,22,
учиться,1401,learn,V,A1,"Golosa, MiP, LM, МН",1,учиться,Imperf.Inf,Я устала учиться и очень хочу отдохнуть.,I'm tired and really want to rest.,_,учёба/работа,22,
учиться,1402,learn,V,A1,"Golosa, MiP, LM, МН",2,учился,Imperf.Masc.Sing.Past,Где ты учился играть на гитаре?,Where did you learn to play the guitar?,_,учёба/работа,22,
учиться,1403,learn,V,A1,"Golosa, MiP, LM, МН",3,учится,Imperf.Sing.3,Моя сестра учится в школе.,My sister studies at school.,_,учёба/работа,22,
фотографировать,1404,take photographs,V,A1,"LM, МН",1,фотографируешь,Imperf.Sing.2,Почему ты фотографируешь только кошек?,Why do you only take photos of cats?,_,"учёба/работа, свободное время",24,
фотографировать,1405,take photographs,V,A1,"LM, МН",2,фотографирует,Imperf.Sing.3,"В путешествиях он фотографирует каждый день, а в Москве — раз в месяц.","While traveling he takes photos every day, but in Moscow only once a month.",_,"учёба/работа, свободное время",24,
фотографировать,1406,take photographs,V,A1,"LM, МН",3,фотографировать,Imperf.Inf,Я не умею фотографировать маленьких детей.,I don't know how to take photos of little children.,_,"учёба/работа, свободное время",24,
ходить,1407,walk,V,A1,"Golosa, MiP, LM, МН, Кс",1,ходили,Imperf.Plur.Past,Наши дети ходили в одну школу.,Our children studied at the same school.,_,"учёба/работа, свободное время",12,
ходить,1408,walk,V,A1,"Golosa, MiP, LM, МН, Кс",2,ходить,Imperf.Inf,Когда ваша дочка научилась ходить?,When did your daughter learn how to walk?,_,"учёба/работа, свободное время",12,
ходить,1409,walk,V,A1,"Golosa, MiP, LM, МН, Кс",3,ходила,Imperf.Fem.Sing.Past,В детстве я ходила в спортивную школу.,I used to go to a sports school when I was a child.,_,"учёба/работа, свободное время",12,
хотеть,1410,want,V,A1,"Golosa, MiP, LM, МН",1,хочу,Imperf.Sing.1,"Я хочу, чтобы в мире не было войны.",I wish there were no wars in the world.,_,внутренний мир,12,
хотеть,1411,want,V,A1,"Golosa, MiP, LM, МН",2,хотел,Imperf.Masc.Sing.Past,Он работал всю ночь и утром очень хотел спать.,He’s been working all night long and in the morning he really wanted to sleep.,_,внутренний мир,12,
хотеть,1412,want,V,A1,"Golosa, MiP, LM, МН",3,хочет,Imperf.Sing.3,Маша хочет поехать в Италию.,Masha wants to travel to Italy.,_,внутренний мир,12,
чувствовать,1413,feel,V,A1,"MiP, LM, МН",1,чувствую,Imperf.Sing.1,"Я плохо себя чувствую. Наверное, останусь сегодня дома.",I feel sick. I will probably stay at home today.,_,внутренний мир,28,
чувствовать,1414,feel,V,A1,"MiP, LM, МН",2,чувствует,Imperf.Sing.3,Как Петя себя чувствует? Ему лучше?,How is Petya? Is he feeling better?,_,внутренний мир,28,
чувствовать,1415,feel,V,A1,"MiP, LM, МН",3,чувствовал,Imperf.Masc.Sing.Past,В такие моменты он чувствовал себя счастливым.,At such times he felt happy.,_,внутренний мир,28,