Lemma,ID,Eng Gloss,POS,Level,Word source,Ex. ID,Form,Analysis,Example Sentence,Translation,Reference,Topic(s),Lesson,
белый,469,white,A,A1,"Golosa, MiP, LM, МН, Поехали",1,белые,Nom.Plur,У Саши красивая улыбка и белые зубы.,Sasha has a pretty smile and white teeth.,_,описание,7,
белый,470,white,A,A1,"Golosa, MiP, LM, МН, Поехали",2,белым,Ins.Masc.Sing,Обычно я ем суп с белым хлебом.,Usually I eat soup with white bread.,_,описание,7,
белый,471,white,A,A1,"Golosa, MiP, LM, МН, Поехали",3,белыми,Ins.Plur,Первого сентября на улицах много девочек с белыми бантами.,On September 1 a lot of girls wear white bows outside.,_,описание,7,
гость,472,guest,N.Masc.Anim,A1,"Golosa, MiP, LM, МН",1,гости,Nom.Plur,"Вечером придут гости, нужно накрыть на стол.","The guests are coming in the evening, we need to set the table.",_,люди,18,
гость,473,guest,N.Masc.Anim,A1,"Golosa, MiP, LM, МН",2,гость,Nom.Sing,Вы всегда желанный гость в нашем доме!,You are always a welcome guest in our house!,_,люди,18,
гость,474,guest,N.Masc.Anim,A1,"Golosa, MiP, LM, МН",3,гостях,Loc.Plur,"Я сейчас в гостях, перезвоню позже.","I'm visiting someone now, call you later.",_,люди,18,
телефон,475,telephone,N.Masc.Inan,A1,"Golosa, MiP, LM, МН",1,телефону,Dat.Sing,Маша разговаривает по телефону.,Masha is on the phone now.,_,"люди, общение",6,
телефон,476,telephone,N.Masc.Inan,A1,"Golosa, MiP, LM, МН",2,телефон,Acc.Sing,"Возьми телефон, он звонит!","The phone is ringing, take the call!",_,"люди, общение",6,
телефон,477,telephone,N.Masc.Inan,A1,"Golosa, MiP, LM, МН",3,телефон,Nom.Sing,Телефон сто двенадцать доступен круглосуточно.,The number 112 can be reached around the clock.,_,"люди, общение",6,
математика,478,mathematics,N.Fem.Inan,A1,"Golosa, MiP, МН",1,математики,Gen.Sing,Катя работает учительницей математики в школе.,Katya is a math teacher at school.,_,учёба/работа,22,
математика,479,mathematics,N.Fem.Inan,A1,"Golosa, MiP, МН",2,математика,Nom.Sing,Математика развивает логическое мышление.,Mathematics develops logical thinking.,_,учёба/работа,22,
математика,480,mathematics,N.Fem.Inan,A1,"Golosa, MiP, МН",3,математике,Dat.Sing,Вася очень старался и получил четыре по математике.,Vasya has worked hard and received a grade of 4 (=B) in math.,_,учёба/работа,22,
фирма,481,company,N.Fem.Inan,A1,"Golosa, MiP, LM, МН",1,фирмы,Gen.Sing,Николай – директор этой фирмы.,Nikolay is the director of this company.,_,учёба/работа,25,
фирма,482,company,N.Fem.Inan,A1,"Golosa, MiP, LM, МН",2,фирма,Nom.Sing,Фирма Volvo выпустила новый автомобиль.,Volvo has released a new automobile.,_,учёба/работа,25,
фирма,483,company,N.Fem.Inan,A1,"Golosa, MiP, LM, МН",3,фирм,Gen.Plur,В области торговли работает много мелких фирм.,There are a lot of small-businesses in commerce.,_,учёба/работа,25,
писатель,484,writer,N.Masc.Anim,A1,"Golosa, MiP, МН",1,писатель,Nom.Sing,Лев Толстой – знаменитый русский писатель.,Leo Tolstoy is a famous Russian writer.,_,"учёба/работа, люди",23,
писатель,485,writer,N.Masc.Anim,A1,"Golosa, MiP, МН",2,писателя,Gen.Sing,В кабинете писателя много книг.,There are a lot of books in the writer's office.,_,"учёба/работа, люди",23,
писатель,486,writer,N.Masc.Anim,A1,"Golosa, MiP, МН",3,писателей,Gen.Plur,Недавно вышел сборник с текстами молодых писателей.,A collection of poems written by young writers came out recently.,_,"учёба/работа, люди",23,
мальчик,487,boy,N.Masc.Anim,A1,"LM, МН",1,мальчик,Nom.Sing,Мальчик гуляет во дворе.,A boy is walking in the yard.,_,люди,3,
мальчик,488,boy,N.Masc.Anim,A1,"LM, МН",2,мальчика,Acc.Sing,Я вижу мальчика.,I see a boy.,_,люди,3,
мальчик,489,boy,N.Masc.Anim,A1,"LM, МН",3,мальчики,Nom.Plur,Мальчики играют в футбол.,The boys are playing soccer.,_,люди,3,
экономический,490,economic,A,A1,"Golosa, МН",1,экономических,Gen.Plur,Александр – кандидат экономических наук.,Alexandеr has а Ph.D. in Economics.,_,"учёба/работа, политика",30,
экономический,491,economic,A,A1,"Golosa, МН",2,экономической,Gen.Fem.Sing,Главная задача сейчас – обеспечение экономической стабильности.,The main goal now is to ensure economic stability.,_,"учёба/работа, политика",30,
экономический,492,economic,A,A1,"Golosa, МН",3,экономического,Gen.Masc.Sing,Министр экономического развития прокомментировал эту ситуацию.,The Minister of Economic Development has commented on this situation,_,"учёба/работа, политика",30,
номер,493,room,N.Masc.Inan,A1,"Golosa, MiP, LM, МН",1,номер,Nom.Sing,Наш номер в отеле чистый и просторный.,Our hotel room is clean and spacious.,_,жильё,17,
номер,494,room,N.Masc.Inan,A1,"Golosa, MiP, LM, МН",2,номере,Loc.Sing,В номере есть холодильник?,Is there a refrigerator in the room?,_,жильё,17,
номер,495,room,N.Masc.Inan,A1,"Golosa, MiP, LM, МН",3,номеров,Gen.Plur,Мы хотим забронировать 5 одноместных номеров.,We want to book 5 single rooms.,_,жильё,17,
номер,493а,number,N.Masc.Inan,A1,"Golosa, MiP, LM, МН",1,номер,Acc.Sing,Я запишу твой номер телефона.,I'll write down your telephone number.,_,учёба/работа,17,
номер,494а,number,N.Masc.Inan,A1,"Golosa, MiP, LM, МН",2,номера,Gen.Sing,У меня нет номера Маши.,I don't have Masha's number.,_,учёба/работа,17,
номер,495а,number,N.Masc.Inan,A1,"Golosa, MiP, LM, МН",3,номером,Ins.Sing,Я отправила вам письмо с номером телефона Саши.,I've sent you an e-mail with Sasha's phone number.,_,учёба/работа,17,
документ,496,document,N.Masc.Inan,A1,"Golosa, MiP, LM, МН",1,документов,Gen.Plur,Летом начинается подача документов в университеты.,Submission of university applications starts in the summer.,_,учёба/работа,16,
документ,497,document,N.Masc.Inan,A1,"Golosa, MiP, LM, МН",2,документы,Acc.Plur,Перед поездкой нужно подготовить все документы.,We need to prepare all the documents before the trip.,_,учёба/работа,16,
документ,498,document,N.Masc.Inan,A1,"Golosa, MiP, LM, МН",3,документа,Gen.Sing,Я сделаю копию этого документа.,I'll make a copy of this document.,_,учёба/работа,16,
метр,499,meter,N.Masc.Inan,A1,"Golosa, MiP, МН",1,метров,Gen.Plur,Высота этого дома – примерно двадцать метров.,This building is about 20 meters tall.,_,мера,27,
метр,500,meter,N.Masc.Inan,A1,"Golosa, MiP, МН",2,метра,Gen.Sing,"Васе пять лет, его рост уже больше метра.","Vasya is five years old, and he is already more than a meter tall.",_,мера,27,
метр,501,meter,N.Masc.Inan,A1,"Golosa, MiP, МН",3,метрах,Loc.Plur,Магазин находится в пяти метрах от станции метро.,The shop is 5 meters away from the metro station.,_,мера,27,
билет,502,ticket,N.Masc.Inan,A1,"Golosa, MiP, LM, МН, Поехали",1,билетов,Gen.Plur,Нам нужно купить пять билетов на поезд.,We need to buy 5 train tickets.,_,"путешествие, свободное время",12,
билет,503,ticket,N.Masc.Inan,A1,"Golosa, MiP, LM, МН, Поехали",2,билеты,Acc.Plur,Мы купили билеты и пошли смотреть кино.,We bought tickets and went to the movie theater.,_,"путешествие, свободное время",12,
билет,504,ticket,N.Masc.Inan,A1,"Golosa, MiP, LM, МН, Поехали",3,билет,Acc.Sing,"Когда поедешь в аэропорт, не забудь билет на самолёт.",Don't forget your plane ticket when you go to the airport.,_,"путешествие, свободное время",12,
половина,505,half,N.Fem.Inan,A1,"MiP, МН",1,половиной,Ins.Sing,Сколько лет твоей дочке? Три с половиной.,How old is your daughter? She is three and a half.,_,мера,31,
половина,506,half,N.Fem.Inan,A1,"MiP, МН",2,половины,Gen.Sing,Пушкин – поэт первой половины девятнадцатого века.,Pushkin is a poet from the first half of the 19th century.,_,мера,31,
половина,507,half,N.Fem.Inan,A1,"MiP, МН",3,половина,Nom.Sing,"Уже половина первого, я опаздываю!","It's half past twelve already, I'm late!",_,мера,31,
солнце,508,sun,N.Neut.Inan,A1,"MiP, LM, МН",1,солнце,Nom.Sing,"Сегодня тепло, светит солнце.","Today it's warm, the sun is shining.",_,путешествие,13,
солнце,509,sun,N.Neut.Inan,A1,"MiP, LM, МН",2,солнца,Gen.Sing,"Сегодня облачно, солнца нет.","Today it's cloudy, there is no sun.",_,путешествие,13,
солнце,510,sun,N.Neut.Inan,A1,"MiP, LM, МН",3,солнцем,Ins.Sing,Каждый человек ищет своё место под солнцем.,Everyone is looking for his place in the sun.,_,путешествие,13,
желание,511,desire,N.Neut.Inan,A1,МН,1,желание,Nom.Sing,"Ура, моё желание сбылось!","Hooray, my wish came true!",_,внутренний мир,27,
желание,512,desire,N.Neut.Inan,A1,МН,2,желания,Gen.Sing,У меня нет желания приходить завтра.,I have no desire to come tomorrow.,_,внутренний мир,27,
желание,513,desire,N.Neut.Inan,A1,МН,3,желании,Loc.Sing,При желании я смогу одновременно учиться и работать.,"If I want to, I can study and work at the same time.",_,внутренний мир,27,
завод,514,factory,N.Masc.Inan,A1,"Golosa, MiP, МН",1,заводе,Loc.Sing,Мой дедушка работал на заводе.,My grandfather worked in a factory.,_,учёба/работа,24,
завод,515,factory,N.Masc.Inan,A1,"Golosa, MiP, МН",2,завода,Gen.Sing,Александр – директор этого завода.,Alexandr is the director of this factory.,_,учёба/работа,24,
завод,516,factory,N.Masc.Inan,A1,"Golosa, MiP, МН",3,завод,Nom.Sing,Наш завод находится в Москве.,Our factory is located in Moscow.,_,учёба/работа,24,
пить,517,drink,V,A1,"Golosa, MiP, LM, МН",1,пить,Imperf.Inf,Я хочу пить.,I'm thirsty.,_,еда,13,
пить,518,drink,V,A1,"Golosa, MiP, LM, МН",2,пил,Imperf.Masc.Sing.Past,Ты пил вчера на вечеринке?,Did you drink alcohol at the party yesterday?,_,еда,13,
пить,519,drink,V,A1,"Golosa, MiP, LM, МН",3,пили,Imperf.Plur.Past,"Вчера мы были в гостях, пили сок и вино.",Yesterday we visited our friends and drank juice and wine.,_,еда,13,
передача,520,TV show,N.Fem.Inan,A1,"MiP, LM, МН",1,передачи,Gen.Sing,"Выключи телевизор, там нет ни одной интересной передачи.","Turn off the TV, there are no interesting shows on the air.",_,"свободное время, общение",,
передача,521,TV show,N.Fem.Inan,A1,"MiP, LM, МН",2,передача,Nom.Sing,Это моя любимая передача.,This is my favorite TV show.,_,"свободное время, общение",,
передача,522,TV show,N.Fem.Inan,A1,"MiP, LM, МН",3,передачу,Acc.Sing,Давай посмотрим кулинарную передачу.,Let's watch a cooking show.,_,"свободное время, общение, еда",,
университет,523,university,N.Masc.Inan,A1,"Golosa, MiP, LM, МН",1,университета,Gen.Sing,Вася – студент Московского государственного университета.,Vasya is a student at Moscow State University.,_,учёба/работа,22,
университет,524,university,N.Masc.Inan,A1,"Golosa, MiP, LM, МН",2,университете,Loc.Sing,Маша и Лена сейчас учатся в университете.,Masha and Lena are now studying at the university.,_,учёба/работа,22,
университет,525,university,N.Masc.Inan,A1,"Golosa, MiP, LM, МН",3,университет,Nom.Sing,"Университет – это учебное заведение, в котором получают высшее образование.",A university is an educational institution where people receive a higher education.,_,учёба/работа,22,
сентябрь,526,September,N.Masc.Inan,A1,"MiP, LM, МН",1,сентября,Gen.Sing,Первого сентября начинается учебный год.,The academic year starts on the first of September.,_,время,30,
сентябрь,527,September,N.Masc.Inan,A1,"MiP, LM, МН",2,сентябре,Loc.Sing,В сентябре начинают опадать листья.,In September the leaves begin to fall.,_,время,30,
лето,528,summer,N.Neut.Inan,A1,"LM, МН",1,летом,Ins.Sing,Куда мы поедем летом?,Where will we go in Summer?,_,"мера, время",30,
лето,529,summer,N.Neut.Inan,A1,"LM, МН",2,лето,Acc.Sing,Я уезжаю на лето к бабушке.,I am going to spend the summer visiting my grandmother.,_,"мера, время",30,
лето,530,summer,N.Neut.Inan,A1,"LM, МН",3,лета,Gen.Sing,"Не успеешь оглянуться, а уже конец лета.",Summer is gone before you know it.,_,"мера, время",30,
среда,531,environment,N.Fem.Inan,A1,"Golosa, MiP, LM, МН, Кс",1,среды,Gen.Sing,Охрана окружающей среды – это актуальная проблема сегодня.,Protection of the environment is a relevant problem today.,_,"животные/растения, погода",,
среда,532,Wednesday,N.Fem.Inan,A1,"Golosa, MiP, LM, МН, Кс",2,среду,Acc.Sing,Я буду в Москве в среду.,I'll be in Moscow on Wednesday.,_,время,6,
среда,533,environment,N.Fem.Inan,A1,"Golosa, MiP, LM, МН, Кс",3,среде,Loc.Sing,Лена – эколог и очень много знает об окружающей среде.,"Lena is an environmental specialist, and knows a lot about the environment.",_,"животные/растения, погода",,
врач,534,doctor,N.Masc.Anim,A1,"Golosa, MiP, LM, МН",1,врач,Nom.Sing,Врач сегодня принимает с восьми до четырнадцати часов.,The doctor is seeing patients from 8 a.m. til 2 p.m. today.,_,"люди, учёба/работа, здоровье",2,
врач,535,doctor,N.Masc.Anim,A1,"Golosa, MiP, LM, МН",2,врачи,Nom.Plur,В этой поликлинике работают очень хорошие врачи.,Highly skilled doctors work in this clinic.,_,"люди, учёба/работа, здоровье",2,
врач,536,doctor,N.Masc.Anim,A1,"Golosa, MiP, LM, МН",3,врачей,Gen.Plur,Я очень боюсь врачей!,I'm very scared of doctors!,_,"люди, учёба/работа, здоровье",2,
часы,537,clock,N.Inan,A1,"Golosa, MiP, LM, МН",1,часы,Nom.Plur,Эти часы отстают.,This clock is slow.,_,"мера, время",19,
,,,,,,,,,,,,,,
часы,539,clock,N.Inan,A1,"Golosa, MiP, LM, МН",3,часах,Loc.Plur,На моих часах ровно три.,It's 3 o'clock sharp by my watch.,_,"мера, время",19,
правый,540,right,A,A1,"MiP, МН",1,прав,Masc.Sing,"Мне кажется, ты не прав.",It seems to me you're not right.,_,"внутренний мир, люди",19,
правый,541,right,N.Masc.Anim,A1,"MiP, МН",2,правые,Nom.Plur,В двадцатом веке в Европе были популярны правые партии.,Right-wing parties were popular in Europe in the twentieth century.,_,политика,19,
правый,542,right,N.Masc.Anim,A1,"MiP, МН",3,правых,Gen.Plur,Он придерживается правых взглядов.,He is a right-winger.,_,политика,19,
курс,543,course of study,N.Masc.Inan,A1,"Golosa, MiP, МН",1,курса,Gen.Sing,Анна – студентка первого курса.,Anna is a first-year student.,_,учёба/работа,22,
курс,544,course of study,N.Masc.Inan,A1,"Golosa, MiP, МН",2,курс,Acc.Sing,"Ты студент? Да, перехожу на третий курс.","Are you a student? Yes, I'm entering the third year.",_,учёба/работа,22,
курс,545,course of study,N.Masc.Inan,A1,"Golosa, MiP, МН",3,курсе,Loc.Sing,На каком ты курсе?,Which year are you in?,_,учёба/работа,22,
цвет,546,color,N.Masc.Inan,A1,"Golosa, MiP, МН",1,цвета,Gen.Sing,Зачем ты купил футболку белого цвета? Она быстро испачкается.,Why did you buy a white T-shirt? It will get dirty soon.,_,описание,7,
цвет,547,color,N.Masc.Inan,A1,"Golosa, MiP, МН",2,цвет,Nom.Sing,Синий цвет тебе идёт!,The color blue suits you!,_,описание,7,
цвет,548,color,N.Masc.Inan,A1,"Golosa, MiP, МН",3,цвету,Dat.Sing,Эта рубашка не подходит тебе по цвету.,The color of this shirt doesn't suit you.,_,описание,7,
размер,549,size,N.Masc.Inan,A1,"Golosa, MiP, МН",1,размера,Gen.Sing,"Это платье слишком маленького размера, поищи другое.","This dress is too small, look for another one.",_,мера,27,
размер,550,size,N.Masc.Inan,A1,"Golosa, MiP, МН",2,размеров,Gen.Plur,В этом магазине нет больших размеров.,You can't find large sizes in this shop.,_,мера,27,
размер,551,size,N.Masc.Inan,A1,"Golosa, MiP, МН",3,размер,Nom.Sing,Какой у тебя размер обуви?,Which shoe size do you wear?,_,мера,27,
ошибка,552,mistake,N.Fem.Inan,A1,"MiP, МН",1,ошибок,Gen.Plur,"Ты написал сложное слово без ошибок, молодец!","You've written a difficult word without mistakes, well done!",_,"люди, учёба/работа",20,
ошибка,553,mistake,N.Fem.Inan,A1,"MiP, МН",2,ошибка,Nom.Sing,"Здесь ошибка, имя записано неправильно.","There is a mistake here, the name is entered incorrectly.",_,"люди, учёба/работа",20,
ошибка,554,mistake,N.Fem.Inan,A1,"MiP, МН",3,ошибку,Acc.Sing,"Если ты сделал ошибку, нужно это признать.","If you've made a mistake, you must admit it.",_,"люди, учёба/работа",20,
клуб,555,club,N.Masc.Inan,A1,"LM, МН",1,клуба,Gen.Sing,Дима – член студенческого футбольного клуба.,Dima is a member of the student football club.,_,"свободное время, общение",24,
клуб,556,club,N.Masc.Inan,A1,"LM, МН",2,клуб,Nom.Sing,"Этот клуб очень красивый, но внутри слишком шумно.",This club is very nice but it's too loud inside.,_,"свободное время, общение",24,
клуб,557,club,N.Masc.Inan,A1,"LM, МН",3,клубе,Loc.Sing,Вчера в клубе выступала твоя любимая группа.,Yesterday your favorite band played at the club.,_,"свободное время, общение",24,
удовольствие,558,pleasure,N.Neut.Inan,A1,"MiP, LM, МН",1,удовольствием,Ins.Sing,"Я бы с удовольствием выпил, но я за рулём сегодня.",I'd love to have a drink but I'm driving today.,_,внутренний мир,25,
удовольствие,559,pleasure,N.Neut.Inan,A1,"MiP, LM, МН",2,удовольствие,Acc.Sing,Я получаю удовольствие от плавания.,I really enjoy swimming.,_,внутренний мир,25,
удовольствие,560,pleasure,N.Neut.Inan,A1,"MiP, LM, МН",3,удовольствия,Gen.Sing,Маша откусила пирог и закрыла глаза от удовольствия.,Masha has took a bite of the pastry and shut her eyes with pleasure.,,внутренний мир,25,
девочка,561,girl,N.Fem.Anim,A1,МН,1,девочка,Nom.Sing,Катя – самая высокая девочка в нашем классе.,Katya is the tallest girl in our class.,_,люди,3,
девочка,562,girl,N.Fem.Anim,A1,МН,2,девочку,Acc.Sing,"Миша, пригласи эту девочку к себе на день рождения!","Misha, invite this girl to your birthday party!",_,люди,3,
девочка,563,girl,N.Fem.Anim,A1,МН,3,девочки,Nom.Plur,"Маша, смотри, девочки играют в волейбол.","Masha, look, the girls are playing volleyball.",_,люди,3,
концерт,564,concert,N.Masc.Inan,A1,"Golosa, MiP, LM, МН",1,концерт,Acc.Sing,Пойдёшь со мной на концерт?,Will you go to the concert with me?,_,"свободное время, общение",9,
концерт,565,concert,N.Masc.Inan,A1,"Golosa, MiP, LM, МН",2,концерта,Gen.Sing,Вчера по дороге с концерта я встретил Лену.,Yesterday on the way back from the concert I met Lena.,_,"свободное время, общение",9,
концерт,566,concert,N.Masc.Inan,A1,"Golosa, MiP, LM, МН",3,концерте,Loc.Sing,В субботу я была со своими друзьями на концерте.,On Saturday I was at a concert with my friends.,_,"свободное время, общение",9,
житель,567,inhabitant,N.Masc.Anim,A1,"MiP, МН",1,жителей,Gen.Plur,В Москве около десяти миллионов жителей.,About 10 million people live in Moscow.,_,люди,19,
житель,568,inhabitant,N.Masc.Anim,A1,"MiP, МН",2,жители,Nom.Plur,Жители села добираются в город на автобусе.,People from the village get to the city by bus.,_,люди,19,
житель,569,inhabitant,N.Masc.Anim,A1,"MiP, МН",3,жителям,Dat.Plur,Жителям Москвы понравилась новая станция метро.,The people of Moscow liked the new metro station.,_,люди,19,
сад,570,garden,N.Masc.Inan,A1,"LM, МН",1,сада,Gen.Sing,"Я буду на работе, забери Машу из детского сада.","I'll be at work, so you take Masha home from daycare.",_,жильё,7,
сад,571,garden,N.Masc.Inan,A1,"LM, МН",2,сад,Acc.Sing,Утром мы пошли работать в сад.,In the morning we went to work to the garden.,_,жильё,7,
сад,572,garden,N.Masc.Inan,A1,"LM, МН",3,саду,Loc.Sing,"В ботаническом саду на этой неделе проходит выставка роз, пойдём?","There is an exhibition of roses at the botanical garden this week, shall we go?",_,жильё,7,
поезд,573,train,N.Masc.Inan,A1,"MiP, LM, МН",1,поезд,Nom.Sing,"Кажется, наш поезд опаздывает.",It seems our train is late.,_,путешествие,18,
поезд,574,train,N.Masc.Inan,A1,"MiP, LM, МН",2,поезда,Gen.Sing,"Я вышел из поезда и понял, что забыл багаж.",I got out of the train and realized that I had forgotten my luggage.,_,путешествие,18,
поезд,575,train,N.Masc.Inan,A1,"MiP, LM, МН",3,поезде,Loc.Sing,В поезде есть туалет и Wifi.,The train has a toilet and Wifi.,_,путешествие,18,
трудный,576,difficult,A,A1,"Golosa, MiP, LM, МН",1,трудно,Adverb,Трудно возвращаться к работе после отпуска.,It's hard to come back to work after vacation.,_,внутренний мир,25,
трудный,577,difficult,A,A1,"Golosa, MiP, LM, МН",2,труднее,Comparative,Зимой гораздо труднее просыпаться с утра.,It's much more difficult to wake up in the morning in winter.,_,внутренний мир,25,
трудный,578,difficult,A,A1,"Golosa, MiP, LM, МН",3,трудней,Comparative,В горах дышать трудней.,It's more difficult to breathe in the mountains.,_,внутренний мир,25,
сестра,579,sister,N.Fem.Anim,A1,"LM, МН",1,сестра,Nom.Sing,Моя сестра отлично танцует.,My sister is a good dancer.,_,люди,4,
сестра,580,sister,N.Fem.Anim,A1,"LM, МН",2,сестрой,Ins.Sing,Вы с сестрой очень похожи.,You and your sister look a lot alike.,_,люди,4,
сестра,581,sister,N.Fem.Anim,A1,"LM, МН",3,сёстры,Nom.Plur,"А я и не знал, что вы сёстры!",I didn't even know that you were sisters!,_,люди,4,
цветок,582,flower,N.Masc.Inan,A1,"Golosa, MiP, LM, МН",1,цветов,Gen.Plur,Коля подарил мне букет из полевых цветов.,Kolya gave me a bouqet of wildflowers.,_,животные/растения,27,
цветок,583,flower,N.Masc.Inan,A1,"Golosa, MiP, LM, МН",2,цветы,Acc.Plur,"Маша любит цветы, особенно пионы.","Masha loves flowers, especially peonies.",_,животные/растения,27,
цветок,584,flower,N.Masc.Inan,A1,"Golosa, MiP, LM, МН",3,цветами,Ins.Plur,У моих родителей в квартире много горшков с цветами.,There are many flower-pots in my parents' apartment.,_,животные/растения,27,
милиция,585,police,N.Fem.Inan,A1,"Golosa, MiP, МН",1,милиции,Gen.Sing,Его отец – сотрудник милиции.,His father is a police officer.,_,учёба/работа,20,
милиция,586,police,N.Fem.Inan,A1,"Golosa, MiP, МН",2,милиция,Nom.Sing,На место преступления приехала милиция.,The police came to the scene of the crime.,_,учёба/работа,20,
милиция,587,police,N.Fem.Inan,A1,"Golosa, MiP, МН",3,милицию,Acc.Sing,"Если соседи опять будут шуметь после одиннадцати вечера, я вызову милицию.",I'll call the police if my neighbors make noise after 11 pm again.,_,учёба/работа,20,
чай,588,tea,N.Masc.Inan,A1,"Golosa, MiP, LM, МН",1,чай,Acc.Sing,Я пью чай без сахара.,I drink tea without sugar.,_,еда,8,
чай,589,tea,N.Masc.Inan,A1,"Golosa, MiP, LM, МН",2,чаю,Gen.Sing,"Кажется, ты замёрз. Хочешь чаю?",It seems like you're cold. Want some tea?,_,еда,8,
чай,590,tea,N.Masc.Inan,A1,"Golosa, MiP, LM, МН",3,чаем,Ins.Sing,Я возьму в дорогу бутерброд с чаем.,I'll take a sandwich with tea to go.,_,еда,8,
зима,591,winter,N.Fem.Inan,A1,"LM, МН",1,зиму,Acc.Sing,"Я не люблю зиму, потому что темнеет уже днём.",I don't like winter because it gets dark during the day.,_,"погода, время",30,
зима,592,winter,N.Fem.Inan,A1,"LM, МН",2,зимой,Ins.Sing,Зимой моя семья всегда ходит на каток.,In winter my family always goes skating.,_,"погода, время",30,
зима,593,winter,N.Fem.Inan,A1,"LM, МН",3,зимы,Gen.Sing,"Я поеду на море в январе, чтобы немного отдохнуть от холодной зимы.",I'll go the beach in January to take a rest from the cold winter.,_,"погода, время",30,
сосед,594,neighbour,N.Masc.Anim,A1,"Golosa, MiP, LM, МН",1,соседи,Nom.Plur,Недавно к нам заходили новые соседи.,Our new neighbors stopped by recently.,_,"люди, общение, жильё",15,
сосед,595,neighbour,N.Masc.Anim,A1,"Golosa, MiP, LM, МН",2,соседей,Gen.Plur,В общежитии без помощи соседей никуда.,You can't get by in the dormitory without help from your neighbors.,_,"люди, общение, жильё",15,
сосед,596,neighbour,N.Masc.Anim,A1,"Golosa, MiP, LM, МН",3,сосед,Nom.Sing,"Мой сосед всегда шумит по утрам, это невозможно терпеть!",My neighbor is always making noise in the morning. It's unbearable.,_,"люди, общение, жильё",15,
повторять,597,repeat,V,A1,МН,1,повторяю,Imperf.Sing.1,"Чтобы лучше запомнить новое слово, я повторяю его несколько раз.","In order to memorize a new word, I repeat it several times.",_,"люди, учёба/работа, общение",6,
повторять,598,repeat,V,A1,МН,2,повторяет,Imperf.Sing.3,"Учитель повторяет одно и то же, мне не интересно.","The teacher repeats the same thing over and over, I'm not interested.",_,"люди, учёба/работа, общение",6,
повторять,599,repeat,V,A1,МН,3,повторять,Imperf.Inf,Завтра я буду повторять материал к занятию и не смогу прийти в гости.,Tomorrow I’ll be studying for my lesson and can’t come and see you.,_,"люди, учёба/работа, общение",6,
готовый,600,ready,A,A1,"LM, МН",1,готовы,Plur,"Автобус уже через полчаса, вы готовы?","The bus will come in 30 minutes, are you ready?",_,"описание, учёба/работа, время",16,
готовый,601,ready,A,A1,"LM, МН",2,готов,Masc.Sing,"Вася, иди на кухню, обед готов.","Vasya, go to the kitchen, dinner is ready.",_,"описание, учёба/работа, время",16,
готовый,602,ready,A,A1,"LM, МН",3,готово,Neut.Sing,У меня уже всё готово к этому учебному году.,I've already prepared everything for this academic year.,_,"описание, учёба/работа, время",16,
подарить,603,give a present,V,A1,"Golosa, MiP, LM, МН",1,подарил,Perf.Masc.Sing.Past,"Арина очень хотела эту книгу, поэтому я подарил её на день рождения.","Arina really wanted this book, so I gave it as her birthday present.",_,"люди, общение",27,
подарить,604,give a present,V,A1,"Golosa, MiP, LM, МН",2,подарить,Perf.Inf,"Я не знаю, что подарить маме на восьмое марта.",I don't know what to give my mother for the eighth of March.,_,"люди, общение",27,
подарить,605,give a present,V,A1,"Golosa, MiP, LM, МН",3,подарила,Perf.Fem.Sing.Past,Что ты подарила невесте и жениху на свадьбу?,What was your wedding present for the bride and groom?,_,"люди, общение",27,
господин,606,mister,N.Masc.Anim,A1,МН,1,господин,Nom.Sing,Господин Сахаров – наш новый сосед.,Mister Sakharov is our new neighbor.,_,люди,23,
господин,607,mister,N.Masc.Anim,A1,МН,2,господа,Nom.Plur,"Дамы и господа, выключите телефоны, спектакль начинается.","Ladies and gentlemen, turn off your phones, the performance is beginning.",_,люди,23,
господин,608,mister,N.Masc.Anim,A1,МН,3,господина,Gen.Sing,"Иван Бунин – автор ""Господина из Сан-Франциско"".","Ivan Bunin is the author of ""The Gentleman from San Francisco"".",_,люди,23,
телевизор,609,TV,N.Masc.Inan,A1,"Golosa, MiP, LM, МН",1,телевизору,Dat.Sing,"По телевизору ничего интересного, выключи.","There is nothing interesting on TV, turn it off.",_,свободное время,15,
телевизор,610,TV,N.Masc.Inan,A1,"Golosa, MiP, LM, МН",2,телевизор,Acc.Sing,Моя бабушка смотрит телевизор каждый вечер.,My grandmother watches TV every evening.,_,свободное время,15,
телевизор,611,TV,N.Masc.Inan,A1,"Golosa, MiP, LM, МН",3,телевизора,Gen.Sing,"У Кати дома нет телевизора, она смотрит новости в Интернете.","Katya doesn’t have a TV at home, she watches news on the Internet.",_,свободное время,15,
фамилия,612,surname,N.Fem.Inan,A1,"Golosa, MiP, LM, МН",1,фамилия,Nom.Sing,У Алёны такая красивая фамилия!,Alyona has such a pretty surname!,_,"люди, общение",15,
фамилия,613,surname,N.Fem.Inan,A1,"Golosa, MiP, LM, МН",2,фамилию,Acc.Sing,"Я не буду менять фамилию, когда выйду замуж.",I will not change my surname when I get married.,_,"люди, общение",15,
фамилия,614,surname,N.Fem.Inan,A1,"Golosa, MiP, LM, МН",3,фамилии,Acc.Plur,Новые студенты должны записать свои фамилии в список курса.,New students must enter their surnames in the list of students.,_,"люди, общение",15,
пиво,615,beer,N.Neut.Inan,A1,"Golosa, MiP, LM, МН",1,пиво,Nom.Sing,"Это пиво слишком горькое, я закажу другое.","This beer is too bitter, I'll order a different one.",_,еда,8,
пиво,616,beer,N.Neut.Inan,A1,"Golosa, MiP, LM, МН",2,пива,Gen.Sing,Вчера после работы я выпил кружку пива.,I drank a mug of beer after work yesterday.,_,еда,8,
пиво,617,beer,N.Neut.Inan,A1,"Golosa, MiP, LM, МН",3,пивом,Ins.Sing,Я буду курицу с пивом.,I'll take chicken and beer.,_,еда,8,
легкий,618,light,A,A1,МН,1,легче,Comparative,"Мой рюкзак легче, чем твой.",My backpack is lighter than yours.,_,мера,28,
легкий,619,light,A,A1,МН,2,легко,Adverb,Вася легко с этим справится.,Vasya will manage this easily.,_,мера,28,
легкий,620,light,A,A1,МН,3,лёгкой,Ins.Fem.Sing,В сентябре я ношу джинсы с лёгкой курткой.,In September I wear jeans and light jacket.,_,мера,28,
сильный,621,strong,A,A1,"MiP, МН",1,сильная,Nom.Fem.Sing,Лена очень сильная и способная студентка.,Lena is a very strong and gifted student.,_,"люди, описание, мера",28,
сильный,622,strong,A,A1,"MiP, МН",2,сильнее,Comparative,"Петя сильнее меня, он ходит в тренажёрный зал.","Petya is stronger than me, he goes to the gym.",_,"люди, описание, мера",28,
сильный,623,strong,A,A1,"MiP, МН",3,сильный,Nom.Masc.Sing,"На улице сильный ветер, будь осторожнее!","There's a strong wind outside, be careful!",_,"люди, описание, мера",28,
кухня,624,kitchen,N.Fem.Inan,A1,"Golosa, MiP, LM, МН",1,кухне,Loc.Sing,Моя мама любит готовить и проводит много времени на кухне.,My Mom loves cooking and spends a lot of time in the kitchen.,_,"еда, жильё",5,
кухня,625,kitchen,N.Fem.Inan,A1,"Golosa, MiP, LM, МН",2,кухню,Acc.Sing,"Пойдём на кухню, я приготовил ужин.","Let's go to the kitchen, I've made supper.",_,"еда, жильё",5,
кухня,626,kitchen,N.Fem.Inan,A1,"Golosa, MiP, LM, МН",3,кухни,Gen.Sing,"Принести тарелки с кухни, пожалуйста.","Bring the plates from the kitchen, please.",_,"еда, жильё",5,
тетя,627,aunt,N.Fem.Anim,A1,"LM, МН",1,тётя,Nom.Sing,Твоя тётя приезжала в гости в ноябре?,Did your aunt visit you in November?,_,люди,4,
тетя,628,aunt,N.Fem.Anim,A1,"LM, МН",2,тёти,Gen.Sing,У моей тёти есть дача.,My aunt has a summer cottage.,_,люди,4,
тетя,629,aunt,N.Fem.Anim,A1,"LM, МН",3,тётю,Acc.Sing,Я встречу твою тётю с поезда.,I'll meet your aunt at the train.,_,люди,4,
март,630,march,N.Masc.Inan,A1,"MiP, LM, МН",1,марта,Gen.Sing,Всемирный женский день отмечают восьмого марта.,International Women's Day is celebrated on the 8th of March.,_,время,30,
март,631,march,N.Masc.Inan,A1,"MiP, LM, МН",2,марте,Loc.Sing,Я люблю погоду в марте.,I love the weather in March.,_,время,30,
кошка,632,cat,N.Fem.Anim,A1,"Golosa, MiP, МН",1,кошки,Gen.Sing,У нашей кошки большие зелёные глаза.,Our cat has big green eyes.,_,животные/растения,4,
кошка,633,cat,N.Fem.Anim,A1,"Golosa, MiP, МН",2,кошка,Nom.Sing,"Смотри, какая красивая кошка!","Look, what a pretty cat!",_,животные/растения,4,
кошка,634,cat,N.Fem.Anim,A1,"Golosa, MiP, МН",3,кошек,Gen.Plur,Купи корм для кошек по дороге домой.,Buy cat food on the way home.,_,животные/растения,4,
ученый,635,scientist,N.Masc.Anim,A1,МН,1,учёные,Nom.Plur,Учёные пишут научные работы и выступают на конференциях.,Scientists write scientific papers and speak at conferences.,_,"люди, учёба/работа",19,
ученый,636,scientist,N.Masc.Anim,A1,МН,2,учёных,Gen.Plur,Вчера на конференции я узнал о проектах российских учёных.,Yesterday at the conference I learned about projects by Russian scientists.,_,"люди, учёба/работа",19,
ученый,637,scientist,N.Masc.Anim,A1,МН,3,учёный,Nom.Sing,Ричард Докинз – мой любимый учёный.,Richard Dawkins is my favorite scientist.,_,"люди, учёба/работа",19,
площадь,638,square,N.Fem.Inan,A1,"MiP, LM, МН",1,площади,Loc.Sing,Недавно я побывал на Красной площади.,I've been to the Red Square recently.,_,"путешествие, жильё",5,
площадь,639,square,N.Fem.Inan,A1,"MiP, LM, МН",2,площадь,Nom.Sing,Красная площадь очень красивая.,The Red Square is very beautiful.,_,"путешествие, жильё",5,
площадь,640,square,N.Fem.Inan,A1,"MiP, LM, МН",3,площадью,Ins.Sing,Мне нужна квартира площадью минимум шестьдесят квадратных метров.,I need an apartment with at least 60 square meters.,_,"путешествие, жильё",5,
студент,641,student,N.Masc.Anim,A1,МН,1,студентов,Gen.Plur,В МГУ учится много талантливых студентов.,Many talented students study at Moscow State University.,_,"люди, учёба/работа",2,
студент,642,student,N.Masc.Anim,A1,МН,2,студенты,Nom.Plur,Студенты покупают билеты на поезд со скидкой.,Students buy train tickets for a reduced price.,_,"люди, учёба/работа",2,
студент,643,student,N.Masc.Anim,A1,МН,3,студент,Nom.Sing,Мой брат – студент.,My brother is a student.,_,"люди, учёба/работа",2,
дочь,644,daughter,N.Fem.Anim,A1,"Golosa, MiP, LM, МН",1,дочь,Nom.Sing,Дочь Лены поёт в хоре.,Lena's daughter sings in a choir.,_,люди,9,
дочь,645,daughter,N.Fem.Anim,A1,"Golosa, MiP, LM, МН",2,дочери,Gen.Sing,У моей старшей дочери родился сын.,My eldest daughter gave birth to a son.,_,люди,9,
дочь,646,daughter,N.Fem.Anim,A1,"Golosa, MiP, LM, МН",3,дочерью,Ins.Sing,Вечером я иду в театр с Романом и его дочерью.,I will go to the theatre with Roman and his daughter this evening.,_,люди,9,
рот,647,mouth,N.Masc.Inan,A1,"MiP, МН",1,рот,Acc.Sing,Саша открыла рот от удивления.,Sasha opened her mouth in surprise.,_,люди,26,
рот,648,mouth,N.Masc.Inan,A1,"MiP, МН",2,рта,Gen.Sing,Они спорили с пеной у рта.,They argued while foaming at the mouth.,_,люди,26,
рот,649,mouth,N.Masc.Inan,A1,"MiP, МН",3,ртом,Ins.Sing,Не говори с набитым ртом!,Don't talk with your mouth full!,_,люди,26,
температура,650,temperature,N.Fem.Inan,A1,"MiP, LM, МН",1,температура,Nom.Sing,У меня поднялась температура.,I've got a fever.,_,здоровье,13,
температура,651,temperature,N.Fem.Inan,A1,"MiP, LM, МН",2,температуры,Gen.Sing,Вчера Нина не пошла на работу из-за высокой температуры.,Nina didn't go to work yesterday because she had a fever.,_,здоровье,13,
температура,652,temperature,N.Fem.Inan,A1,"MiP, LM, МН",3,температуру,Acc.Sing,"Кажется, ты заболел. Померь температуру.",It seems that you're sick. Take your temperature.,_,здоровье,13,
весна,653,spring,N.Fem.Inan,A1,"LM, МН, Поехали",1,весной,Ins.Sing,Весной на улице очень тепло.,It's very warm outside in spring.,_,время,30,
весна,654,spring,N.Fem.Inan,A1,"LM, МН, Поехали",2,весны,Gen.Sing,Снег начинает таять в начале весны.,The snow starts melting in the beginning of spring.,_,время,30,
весна,655,spring,N.Fem.Inan,A1,"LM, МН, Поехали",3,весна,Nom.Sing,"Ура, через две недели уже весна!","Hurray, spring is coming in 2 weeks!",_,время,30,
хозяин,656,owner,N.Masc.Anim,A1,"MiP, МН",1,хозяин,Nom.Sing,Хозяин этой квартиры разрешает приводить гостей.,The owner of this apartment allows you to bring guests.,_,люди,23,
хозяин,657,owner,N.Masc.Anim,A1,"MiP, МН",2,хозяева,Nom.Plur,Хозяева квартиры не разрешают в ней курить.,The owners of this apartment don't allow smoking here.,_,люди,23,
хозяин,658,owner,N.Masc.Anim,A1,"MiP, МН",3,хозяина,Gen.Sing,"У этой собаки нет хозяина, она бродячая.","This dog don't have an owner, she is a stray.",_,люди,23,
вагон,659,car (of a train),N.Masc.Inan,A1,"MiP, LM, МН, Поехали",1,вагона,Gen.Sing,Максим будет ждать нас у вагона поезда.,Maxim will wait for us by the car of the train.,_,путешествие,19,
вагон,660,car (of a train),N.Masc.Inan,A1,"MiP, LM, МН, Поехали",2,вагоне,Loc.Sing,Я еду в третьем вагоне с конца.,I'm traveling in the third car from the end.,_,путешествие,19,
вагон,661,car (of a train),N.Masc.Inan,A1,"MiP, LM, МН, Поехали",3,вагонов,Gen.Plur,В этом поезде двенадцать вагонов.,This train has 12 cars.,_,путешествие,19,
подумать,662,think,V,A1,"Golosa, MiP, LM, МН",1,подумал,Perf.Masc.Sing.Past,Я увидел цветы и подумал о лете.,I saw the flowers and thought about summer.,_,внутренний мир,25,
подумать,663,think,V,A1,"Golosa, MiP, LM, МН",2,подумать,Perf.Inf,Мне нужно подумать об этом.,I need to think about it.,_,внутренний мир,25,
подумать,664,think,V,A1,"Golosa, MiP, LM, МН",3,подумала,Perf.Fem.Sing.Past,Я подумала об отпуске и сразу захотела на море.,I thought about my vacation and wanted to go to the sea at once.,_,внутренний мир,25,
красный,665,red,A,A1,"Golosa, MiP, LM, МН",1,красным,Ins.Masc.Sing,Миша закончил университет с красным дипломом.,Misha has graduated from the university with honors.,_,описание,7,
красный,666,red,A,A1,"Golosa, MiP, LM, МН",2,красными,Ins.Plur,На сцену вышли девочки с красными бантами.,Girls with red bows came on stage.,_,описание,7,
красный,667,red,A,A1,"Golosa, MiP, LM, МН",3,красные,Nom.Plur,"Мне кажется, красные розы – это очень красиво.",I think that red roses are very beautiful.,_,описание,7,
великий,668,great,A,A1,МН,1,великий,Nom.Masc.Sing,Александр Пушкин – великий поэт.,Alexander Pushkin is a great poet.,_,"мера, описание",23,
великий,669,great,A,A1,МН,2,великая,Nom.Fem.Sing,Мэрилин Монро – великая актриса.,Marilyn Monroe is a great actress.,_,"мера, описание",23, The target form великая is not in the sentence
великий,670,great,A,A1,МН,3,великого,Gen.Masc.Sing,Саша переехал в Москву из Великого Новгорода.,Sasha has moved to Moscow from Veliky Novgorod.,_,"мера, описание",23,
поехать,671,ride,V,A1,"Golosa, MiP, LM, МН",1,поехали,Perf.Plur.Past,"Мы поехали в гости к бабушке, будем поздно.","We went to visit grandma, we will be late.",_,путешествие,19,"поехали is about now, something with a current result. Мы поехали в гости, будем поздно."
поехать,672,ride,V,A1,"Golosa, MiP, LM, МН",2,поехал,Perf.Masc.Sing.Past,Гриша поехал в Москву и поступил в университет.,Grisha went to Moscow and got into the university.,_,путешествие,19,
поехать,673,ride,V,A1,"Golosa, MiP, LM, МН",3,поехать,Perf.Inf,Я очень хочу поехать в Германию!,I really want to visit Germany!,_,путешествие,19,
компьютер,674,computer,N.Masc.Inan,A1,"Golosa, MiP, LM, МН",1,компьютера,Gen.Sing,Я не могу работать без компьютера и интернета.,I can't work without a computer and an Internet connection.,_,"свободное время, учёба/работа",3,
компьютер,675,computer,N.Masc.Inan,A1,"Golosa, MiP, LM, МН",2,компьютеров,Gen.Plur,В нашем офисе много новых компьютеров.,We have a lot of new computers in our office.,_,"свободное время, учёба/работа",3,
компьютер,676,computer,N.Masc.Inan,A1,"Golosa, MiP, LM, МН",3,компьютере,Loc.Sing,Недавно мой дедушка научился работать на компьютере.,My grandfather has recently learned to use a computer.,_,"свободное время, учёба/работа",3,
апрель,677,April,N.Masc.Inan,A1,"MiP, LM, МН, Поехали",1,апреля,Gen.Sing,Двенадцатого апреля 1961 года Юрий Гагарин полетел в космос.,"On April 12, 1961, Yuri Gagarin flew into outer space.",_,время,30,
апрель,678,April,N.Masc.Inan,A1,"MiP, LM, МН, Поехали",2,апреле,Loc.Sing,У Кати день рождения в апреле.,Katya's birthday is in April.,_,время,30,
папа,679,dad,N.Masc.Anim,A1,"Golosa, MiP, LM, МН",1,папа,Nom.Sing,Папа сегодня вернётся с работы в пять часов.,Dad will come home from work at five o’clock.,_,"люди, общение",1,
папа,680,dad,N.Masc.Anim,A1,"Golosa, MiP, LM, МН",2,папой,Ins.Sing,Мама с папой познакомились в университете.,Mom and dad first met at the university.,_,"люди, общение",1,
папа,681,dad,N.Masc.Anim,A1,"Golosa, MiP, LM, МН",3,папу,Acc.Sing,"Позови папу, обед готов.","Call dad, dinner is ready.",_,"люди, общение",1,
ресторан,682,restaurant,N.Masc.Inan,A1,"Golosa, MiP, LM, МН",1,ресторане,Loc.Sing,В этом ресторане очень вкусная пицца.,The pizza in this restaurant is very tasty.,_,"свободное время, еда",5,
ресторан,683,restaurant,N.Masc.Inan,A1,"Golosa, MiP, LM, МН",2,ресторана,Gen.Sing,Я закажу еду из ресторана на дом.,I'll order take-out food from the restaurant.,_,"свободное время, еда",5,Too complicated!
ресторан,684,restaurant,N.Masc.Inan,A1,"Golosa, MiP, LM, МН",3,ресторан,Acc.Sing,Пойдём вечером в ресторан?,Shall we go to a restaurant this evening?,_,"свободное время, еда",5,Too complicated!
хлеб,685,bread,N.Masc.Inan,A1,"Golosa, MiP, LM, МН",1,хлеба,Gen.Sing,"Когда пойдёшь в магазин, купи хлеба.",Buy some bread when you go to the store.,_,"еда, магазин",8,
хлеб,686,bread,N.Masc.Inan,A1,"Golosa, MiP, LM, МН",2,хлеб,Acc.Sing,"Дай, пожалуйста, хлеб.","Pass the bread, please.",_,"еда, магазин",8,
хлеб,687,bread,N.Masc.Inan,A1,"Golosa, MiP, LM, МН",3,хлебом,Ins.Sing,Я ем суп с белым хлебом.,I eat soup with white bread.,_,"еда, магазин",8,
национальный,688,national,A,A1,"MiP, МН",1,национального,Gen.Neut.Sing,Нефть ― главный источник национального богатства России.,Oil is the main source of Russia's national wealth.,_,политика,25,
национальный,689,national,A,A1,"MiP, МН",2,национальной,Gen.Fem.Sing,Марк - игрок национальной сборной.,Mark is a player on the national team.,_,политика,25,Use of instrumental too hard here
национальный,690,national,A,A1,"MiP, МН",3,национальных,Gen.Plur,Это – проблема национальных меньшинств.,This is a problem for ethnic minorities.,_,политика,25,
фотография,691,photograph,N.Fem.Inan,A1,"Golosa, MiP, LM, МН",1,фотографию,Acc.Sing,Он показал мне свою фотографию.,He showed me his photograph.,_,"свободное время, учёба/работа, путешествие",5,
фотография,692,photograph,N.Fem.Inan,A1,"Golosa, MiP, LM, МН",2,фотографии,Acc.Plur,Я отправлю тебе фотографии из Италии.,I'll send you my photographs from Italy.,_,"свободное время, учёба/работа, путешествие",5,
фотография,693,photograph,N.Fem.Inan,A1,"Golosa, MiP, LM, МН",3,фотография,Nom.Sing,Эта фотография очень удачная!,This photo is very good!,_,"свободное время, учёба/работа, путешествие",5,
техника,694,equipment,N.Fem.Inan,A1,"Golosa, MiP, МН",1,техники,Gen.Sing,Это очень хороший магазин техники.,This is a very good electronics store.,_,"жильё, учёба/работа, магазин",29,too complex
техника,695,equipment,N.Fem.Inan,A1,"Golosa, MiP, МН",2,техника,Nom.Sing,У меня всё время ломается техника.,My gadgets always break.,_,"жильё, учёба/работа, магазин",29,
техника,696,equipment,N.Fem.Inan,A1,"Golosa, MiP, МН",3,техникой,Ins.Sing,"У меня проблемы с техникой, позвони мастеру.","I have some problems with the equipment, call the professional, please.",_,"жильё, учёба/работа, магазин",29,
согласный,697,agree,A,A1,МН,1,согласен,Masc.Sing,Я с тобой согласен.,I agree with you.,_,"общение, внутренний мир",32,
согласный,698,agree,A,A1,МН,2,согласны,Plur,Все с этим согласны?,Does everyone agree with that?,_,"общение, внутренний мир",32,
согласный,699,agree,A,A1,МН,3,согласна,Fem.Sing,Я с этим полностью согласна.,I agree with that completely.,_,"общение, внутренний мир",32,
одежда,700,clothing,N.Fem.Inan,A1,"Golosa, MiP, МН",1,одежды,Gen.Sing,У Маши так много красивой одежды!,Masha has so many beautiful clothes!,_,магазин,27,
одежда,701,clothing,N.Fem.Inan,A1,"Golosa, MiP, МН",2,одежду,Acc.Sing,Я постираю одежду в выходные.,I'll wash my clothes on the weekend.,_,магазин,27,
одежда,702,clothing,N.Fem.Inan,A1,"Golosa, MiP, МН",3,одежда,Nom.Sing,Эта одежда очень удобная.,This clothing is very comfortable.,_,магазин,27,
рождение,703,birth,N.Neut.Inan,A1,"Golosa, MiP, LM, МН",1,рождения,Gen.Sing,У Саши завтра день рождения.,Sasha has his birthday tomorrow.,_,"люди, время",27,
рождение,704,birth,N.Neut.Inan,A1,"Golosa, MiP, LM, МН",2,рождении,Loc.Sing,Где моё свидетельство о рождении?,Where is my birth certificate?,_,"люди, время",27,
рождение,705,birth,N.Neut.Inan,A1,"Golosa, MiP, LM, МН",3,рождение,Nom.Sing,Рождение ребёнка – это серьёзный шаг для семьи.,The birth of a child is an important step for a family.,_,"люди, время",27,
красивый,706,beautiful,A,A1,"Golosa, MiP, LM, МН",1,красивая,Nom.Fem.Sing,У Коли очень красивая девушка.,Kolya's girlfriend is very beautiful.,_,описание,7,
красивый,707,beautiful,A,A1,"Golosa, MiP, LM, МН",2,красивые,Nom.Plur,Эти цветы очень красивые.,These flowers are very beautiful.,_,описание,7,
красивый,708,beautiful,A,A1,"Golosa, MiP, LM, МН",3,красивый,Nom.Masc.Sing,"Это красивый рисунок, молодец.","This is a beautiful picture, well done.",_,описание,7,
учреждение,709,institution,N.Neut.Inan,A1,"Golosa, MiP, МН",1,учреждений,Gen.Plur,В Москве много образовательных учреждений.,There are a lot of educational institutions in Moscow.,_,учёба/работа,,
учреждение,710,institution,N.Neut.Inan,A1,"Golosa, MiP, МН",2,учреждения,Gen.Sing,Мой отец – работник медицинского учреждения.,My father works in a health care institution.,_,учёба/работа,,
учреждение,711,institution,N.Neut.Inan,A1,"Golosa, MiP, МН",3,учреждение,Nom.Sing,Детский сад – это дошкольное образовательное учреждение.,Daycare is a pre-school institution.,_,учёба/работа,,
урок,712,lesson,N.Masc.Inan,A1,"Golosa, MiP, LM, МН",1,уроки,Acc.Plur,Ты уже сделал уроки на завтра?,Have you done your homework for tomorrow?,_,учёба/работа,2,
урок,713,lesson,N.Masc.Inan,A1,"Golosa, MiP, LM, МН",2,урок,Nom.Sing,"Наш урок скоро начнётся, надо спешить.","Our class is about to start, hurry up.",_,учёба/работа,2,
урок,714,lesson,N.Masc.Inan,A1,"Golosa, MiP, LM, МН",3,уроков,Gen.Plur,"Завтра суббота, уроков не будет.","Tomorrow is Saturday, there will be no classes.",_,учёба/работа,2,
шкаф,715,armoire,N.Masc.Inan,A1,"Golosa, MiP, МН",1,шкафу,Loc.Sing,В этом шкафу много места.,There is a lot of space in this armoire.,_,жильё,5,
шкаф,716,armoire,N.Masc.Inan,A1,"Golosa, MiP, МН",2,шкафа,Gen.Sing,"Я переехала недавно, у меня в квартире ещё нет шкафа.","I moved recently, I don't have an armoire yet.",_,жильё,5,
шкаф,717,armoire,N.Masc.Inan,A1,"Golosa, MiP, МН",3,шкаф,Nom.Sing,Этот шкаф очень большой и удобный.,This armoire is very big and roomy.,_,жильё,5,
рыба,718,fish,N.Fem.Anim,A1,"Golosa, MiP, LM, МН, Кс",1,рыбу,Acc.Sing,Я не люблю рыбу.,I don't like fish.,_,"еда, животные/растения",8,
рыба,719,fish,N.Fem.Anim,A1,"Golosa, MiP, LM, МН, Кс",2,рыба,Nom.Sing,"Рыба готова, приходи есть!","The fish is ready, come and eat!",_,"еда, животные/растения",8,
рыба,720,fish,N.Fem.Anim,A1,"Golosa, MiP, LM, МН, Кс",3,рыб,Gen.Plur,Я не знаю названия этих рыб.,I don’t know what those fish are called.,_,"еда, животные/растения",8,
ученик,721,school student,N.Masc.Anim,A1,"Golosa, MiP, LM, МН",1,учеников,Gen.Plur,В моём классе много учеников.,There are a lot of students in my class.,_,"люди, учёба/работа",18,
ученик,722,school student,N.Masc.Anim,A1,"Golosa, MiP, LM, МН",2,ученик,Nom.Sing,Вася – ученик девятого класса.,Vasya is a ninth grade student.,_,"люди, учёба/работа",18,
ученик,723,school student,N.Masc.Anim,A1,"Golosa, MiP, LM, МН",3,ученики,Nom.Plur,Ученики хорошо написали контрольную.,The students did a good job on the test.,_,"люди, учёба/работа",18,Too complex
серьёзный,724,serious,A,A1,МН,1,серьёзный,Nom.Masc.Sing,Почему ты такой серьёзный? Что случилось?,Why are you so serious? What happened?,_,"описание, внутренний мир",29,
серьёзный,725,serious,A,A1,МН,2,серьёзные,Nom.Plur, У всех в комнате были серьёзные лица.,Everyone in the room had a serious face.,_,"описание, внутренний мир",29,
серьёзный,726,serious,A,A1,МН,3,серьёзных,Gen.Plur,Сейчас у меня нет серьёзных проблем с учёбой.,I don't have any serious problems with my studies now.,_,"описание, внутренний мир",29,
собака,727,dog,N.Fem.Anim,A1,"Golosa, MiP, LM, МН",1,собака,Nom.Sing,Собака съела кость.,The dog ate a bone.,_,животные/растения,1,Too complex
собака,728,dog,N.Fem.Anim,A1,"Golosa, MiP, LM, МН",2,собаки,Nom.Plur,"Слышишь, собаки лают.","Listen, the dogs are barking.",_,животные/растения,1,Too complex
собака,729,dog,N.Fem.Anim,A1,"Golosa, MiP, LM, МН",3,собак,Gen.Plur,У Насти дома нет кошек и собак из-за аллергии.,Nastya doesn't have cats or dogs at home due to allergies.,_,животные/растения,1,
детский,730,children’s,A,A1,"Golosa, MiP, LM, МН",1,детский,Inan.Acc.Masc.Sing,Петя ходит в детский сад.,Petya goes to daycare.,_,"описание, время, люди",26,
детский,731,children’s,A,A1,"Golosa, MiP, LM, МН",2,детская,Nom.Fem.Sing,У нас есть детская одежда.,We have baby clothes.,_,"описание, время, люди",26,"Not natural, try with одежда"
детский,732,children’s,A,A1,"Golosa, MiP, LM, МН",3,детском,Loc.Masc.Sing,Мой брат сегодня до вечера в детском саду.,Today my brother will be in daycare until evening.,_,"описание, время, люди",26,
добрый,733,kind,A,A1,"Golosa, MiP, LM, МН",1,добрый,Nom.Masc.Sing,Добрый день!,Good day!,_,описание,6,
добрый,734,kind,A,A1,"Golosa, MiP, LM, МН",2,добрые,Nom.Plur,У Маши очень добрые родители.,Masha's parents are very kind.,_,описание,6,
добрый,735,kind,A,A1,"Golosa, MiP, LM, МН",3,доброго,Gen.Neut.Sing,"Всего доброго, до встречи!","All the best, see you soon!",_,описание,6,
самолет,736,airplane,N.Masc.Inan,A1,"LM, МН",1,самолёт,Nom.Sing,"Смотри, самолёт летит!","Look, the plane is flying!",_,"путешествие, транспорт",16,
самолет,737,airplane,N.Masc.Inan,A1,"LM, МН",2,самолёты,Nom.Plur,Самолёты летят низко.,The airplanes are flying low.,_,"путешествие, транспорт",16,Too complex
самолет,738,airplane,N.Masc.Inan,A1,"LM, МН",3,самолётов,Gen.Plur,Сегодня в небе много самолётов.,There are a lot of planes in the sky today.,_,"путешествие, транспорт",16,Too complex and unnatural
подарок,739,present,N.Masc.Inan,A1,"LM, МН",1,подарок,Acc.Sing,Я купил Маше подарок.,I bought Masha a present.,_,"люди, общение, магазин",18,
подарок,740,present,N.Masc.Inan,A1,"LM, МН",2,подарки,Acc.Plur,Миша любит дарить дорогие подарки.,Misha loves to give expensive presents.,_,"люди, общение, магазин",18,
подарок,741,present,N.Masc.Inan,A1,"LM, МН",3,подарков,Gen.Plur,Нельзя приходить на день рождения без подарков.,You can’t go to a birthday party without presents.,_,"люди, общение, магазин",18,
библиотека,742,library,N.Fem.Inan,A1,"Golosa, MiP, МН, Поехали",1,библиотеки,Gen.Sing,Вчера я видел Машу у библиотеки.,Yesterday I saw Masha outside the library.,_,учёба/работа,5,
библиотека,743,library,N.Fem.Inan,A1,"Golosa, MiP, МН, Поехали",2,библиотеке,Loc.Sing,Я буду готовиться к экзаменам в библиотеке.,I'll be studying for my exams in the library.,_,учёба/работа,5,
библиотека,744,library,N.Fem.Inan,A1,"Golosa, MiP, МН, Поехали",3,библиотеку,Acc.Sing,"Мы идём заниматься в библиотеку, пойдёшь с нами?","We're going to the library to study, are you going to come with us?",_,учёба/работа,5,
художник,745,artist,N.Masc.Anim,A1,"Golosa, MiP, МН",1,художник,Nom.Sing,Казимир Малевич – русский художник двадцатого века.,Kazimir Malevich is a twentieth Century Russian artist.,_,"люди, учёба/работа",32,
художник,746,artist,N.Masc.Anim,A1,"Golosa, MiP, МН",2,художника,Gen.Sing,Мне очень нравятся картины этого художника.,I really love this artist’s paintings.,_,"люди, учёба/работа",32,
художник,747,artist,N.Masc.Anim,A1,"Golosa, MiP, МН",3,художники,Nom.Plur,Молодые художники провели свою первую выставку.,The young artists organized their first exhibition.,_,"люди, учёба/работа",32,
позвонить,748,call,V,A1,"LM, МН",1,позвонил,Perf.Masc.Sing.Past,"Я позвонил Алёне, чтобы спросить задание на завтра.",I call Alyona to ask about the homework for tomorrow.,_,"люди, общение",24,
позвонить,749,call,V,A1,"LM, МН",2,позвонить,Perf.Inf,Не забудь позвонить мне завтра.,Don't forget to call me tomorrow.,_,"люди, общение",24,
позвонить,750,call,V,A1,"LM, МН",3,позвонила,Perf.Fem.Sing.Past,Почему ты не позвонила мне вчера?,Why didn't you call me yesterday?,_,"люди, общение",24,
дождь,751,rain,N.Masc.Inan,A1,"MiP, МН",1,дождь,Nom.Sing,Сегодня весь день идёт дождь.,It's been raining all day long today.,_,погода,13,
дождь,752,rain,N.Masc.Inan,A1,"MiP, МН",2,дождя,Gen.Sing,Завтра не будет дождя.,It won't rain tomorrow.,_,погода,13,
дождь,753,rain,N.Masc.Inan,A1,"MiP, МН",3,дождём,Ins.Sing,Я промок под дождём и заболел.,I got drenched in the rain and got sick.,_,погода,13,
здание,754,building,N.Neut.Inan,A1,"MiP, МН",1,здание,Nom.Sing,Это здание построено в девятнадцатом веке.,This building was built in the 19th Century.,_,"жильё, учёба/работа",21,
здание,755,building,N.Neut.Inan,A1,"MiP, МН",2,здания,Gen.Sing,У здания суда было много журналистов.,There were a lot of journalists outside the courthouse.,_,"жильё, учёба/работа",21,
здание,756,building,N.Neut.Inan,A1,"MiP, МН",3,здании,Loc.Sing,В здании очень просторно.,It's very spacious in this building.,_,"жильё, учёба/работа",21,
пойти,757,go,V,A1,"Golosa, MiP, LM, МН",1,пошёл,Perf.Masc.Sing.Past,Вечером я пошёл в магазин и встретил Лену.,In the evening I went shopping and met Lena.,_,"путешествие, учёба/работа, свободное время",19,
пойти,758,go,V,A1,"Golosa, MiP, LM, МН",2,пошли,Perf.Plur.Past,Мы с Сашей пошли в кафе.,Sasha and I went to the café.,_,"путешествие, учёба/работа, свободное время",19,
пойти,759,go,V,A1,"Golosa, MiP, LM, МН",3,пошла,Perf.Fem.Sing.Past,Я пошла в школу в семь лет.,I started school at age seven.,_,"путешествие, учёба/работа, свободное время",19,
карта,760,card,N.Fem.Inan,A1,"Golosa, MiP, LM, МН",1,карту,Acc.Sing,Я перевёл тебе деньги на карту.,I've transferred money to your card.,_,"свободное время, учёба/работа, путешествие, магазин",11,
карта,761,card,N.Fem.Inan,A1,"Golosa, MiP, LM, МН",2,карты,Acc.Plur,Я хочу поиграть в карты.,I want to play a card game.,_,"свободное время, учёба/работа, путешествие, магазин",11,
карта,762,card,N.Fem.Inan,A1,"Golosa, MiP, LM, МН",3,карта,Nom.Sing,Мне нужна карта города.,I need a map of the city.,_,"свободное время, учёба/работа, путешествие, магазин",11,
рассказ,763,story,N.Masc.Inan,A1,"MiP, МН",1,рассказ,Nom.Sing,Этот рассказ неинтересный.,This story is boring.,_,"свободное время, учёба/работа",33,
рассказ,764,story,N.Masc.Inan,A1,"MiP, МН",2,рассказа,Gen.Sing,Мне понравился герой рассказа.,I liked the hero of the story.,_,"свободное время, учёба/работа",33,
рассказ,765,story,N.Masc.Inan,A1,"MiP, МН",3,рассказе,Loc.Sing,В рассказе об этом не говорится.,The story does not say anything about that.,_,"свободное время, учёба/работа",33,
философия,766,philosophy,N.Fem.Inan,A1,"Golosa, MiP, МН",1,философии,Gen.Sing,Иван Петрович – доктор философии.,Ivan Petrovich is a Doctor of Philosophy.,_,учёба/работа,22,
философия,767,philosophy,N.Fem.Inan,A1,"Golosa, MiP, МН",2,философия,Nom.Sing,Философия – мой любимый предмет.,Philosophy is my favorite subject.,_,учёба/работа,22,
философия,768,philosophy,N.Fem.Inan,A1,"Golosa, MiP, МН",3,философию,Acc.Sing,Я буду изучать философию в университете.,I will be studying philosophy at the university.,_,учёба/работа,22,
новость,769,news,N.Fem.Inan,A1,"LM, МН",1,новостей,Gen.Plur,Большинство новостей я узнаю из интернета.,I get most of my news from the Internet.,_,"политика, общение",30,
новость,770,news,N.Fem.Inan,A1,"LM, МН",2,новости,Acc.Plur,Моя бабушка смотрит новости по телевизору.,My grandmother watches news on TV.,_,"политика, общение",30,
новость,771,news,N.Fem.Inan,A1,"LM, МН",3,новость,Nom.Sing,Это хорошая новость!,This is good news!,_,"политика, общение",30,
адрес,772,address,N.Masc.Inan,A1,"MiP, МН, Поехали",1,адрес,Acc.Sing,Я перешлю тебе письмо на этот адрес.,I'll forward you an e-mail to this address.,_,жильё,12,Form is not Accusative
адрес,773,address,N.Masc.Inan,A1,"MiP, МН, Поехали",2,адресу,Dat.Sing,"Я живу по адресу: улица Ленина 6, квартира 54",My home address is Lenin St. 6-54.,_,жильё,12,
адрес,774,address,N.Masc.Inan,A1,"MiP, МН, Поехали",3,адресам,Dat.Plur,Я отправил письмо по нескольким адресам.,I sent the letter to several addresses.,_,жильё,12,
покупать,775,buy,V,A1,"Golosa, MiP, LM, МН",1,покупать,Imperf.Inf,Завтра мы будем покупать новый холодильник.,We will buy new refrigerator tomorrow.,_,магазин,9,
покупать,776,buy,V,A1,"Golosa, MiP, LM, МН",2,покупали,Imperf.Plur.Past,Этим летом мы покупали много фруктов.,This summer we bought a lot of fruit.,_,магазин,9,
покупать,777,buy,V,A1,"Golosa, MiP, LM, МН",3,покупает,Imperf.Sing.3,Вася всегда покупает чипсы и пиво после работы.,Vasya always buy chips and beer after work.,_,магазин,9,
родственник,778,relative,N.Masc.Anim,A1,"Golosa, MiP, МН",1,родственники,Nom.Plur,У меня есть родственники в Санкт-Петербурге.,I have relatives in St. Petersburg.,_,люди,15,
родственник,779,relative,N.Masc.Anim,A1,"Golosa, MiP, МН",2,родственников,Gen.Plur,Я люблю своих родственников и часто их навещаю.,I love my relatives and visit them often.,_,люди,15,
родственник,780,relative,N.Masc.Anim,A1,"Golosa, MiP, МН",3,родственник,Nom.Sing,Мой дальний родственник живёт в Германии.,My distant relative lives in Germany.,_,люди,15,
погода,781,weather,N.Fem.Inan,A1,"MiP, LM, МН",1,погода,Nom.Sing,"Сегодня плохая погода, давай пойдём гулять завтра.","The weather is bad today, let's go for a walk tomorrow.",_,погода,13,
погода,782,weather,N.Fem.Inan,A1,"MiP, LM, МН",2,погоды,Gen.Sing,Ты посмотрел прогноз погоды на сегодня?,Have you looked at the weather forecast for today?,_,погода,13,
погода,783,weather,N.Fem.Inan,A1,"MiP, LM, МН",3,погоду,Acc.Sing,В хорошую погоду я люблю кататься на велосипеде.,I love riding a bike when the weather is good.,_,погода,13,
октябрь,784,October,N.Masc.Inan,A1,"MiP, LM, МН",1,октября,Gen.Sing,У моего отца день рождения первого октября.,My father's birthday is on the 1st of October.,_,время,30,
октябрь,785,October,N.Masc.Inan,A1,"MiP, LM, МН",2,октябре,Loc.Sing,Я люблю погоду в октябре. ,I love the weather in October.,_,время,30,
октябрь,786,October,N.Masc.Inan,A1,"MiP, LM, МН",3,октябрь,Nom.Sing,Октябрь – мой любимый осенний месяц.,October is my favourite fall month.,_,время,30,
здоровье,787,health,N.Neut.Inan,A1,"MiP, LM, МН",1,здоровья,Gen.Sing,Поздравляю с днём рождения! Желаю счастья и здоровья.,Happy birthday! I wish you happiness and health.,_,внутренний мир,28,
здоровье,788,health,N.Neut.Inan,A1,"MiP, LM, МН",2,здоровье,Acc.Sing,Спорт улучшает здоровье.,Sport improves health.,_,внутренний мир,28,
здоровье,789,health,N.Neut.Inan,A1,"MiP, LM, МН",3,здоровьем,Ins.Sing,У пожилых людей часто бывают проблемы со здоровьем.,Elderly people often have health problems.,_,внутренний мир,28,
московский,790,Moscow,A,A1,"Golosa, MiP, МН",1,московской,Gen.Fem.Sing,Я езжу на работу в Москву из Московской области.,I commute to work in Moscow from the Moscow region.,_,"жильё, путешествие",22,
московский,791,Moscow,A,A1,"Golosa, MiP, МН",2,московская,Nom.Fem.Sing,Моя московская квартира очень просторная.,My apartment in Moscow is very spacious.,_,"жильё, путешествие",22,
московский,792,Moscow,A,A1,"Golosa, MiP, МН",3,московские,Nom.Plur,В последнее время московские улицы стали красивее.,The streets in Moscow have become more beautiful recently.,_,"жильё, путешествие",22,
столица,793,capital,N.Fem.Inan,A1,МН,1,столицы,Gen.Sing,В центре столицы очень много уютных кафе.,There are a lot of cozy cafés in the center of the capital.,_,"жильё, путешествие",21,Is this a good sentence? Sounds strange to me.
столица,794,capital,N.Fem.Inan,A1,МН,2,столице,Loc.Sing,Маша живёт в культурной столице России – Санкт-Петербурге.,"Masha lives in the capital of Russian culture, St. Petersburg.",_,"жильё, путешествие",21,
столица,795,capital,N.Fem.Inan,A1,МН,3,столицей,Ins.Sing,Москва не всегда была столицей России.,Moscow was not always the capital of Russia.,_,"жильё, путешествие",21,
физика,796,physics,N.Fem.Inan,A1,"Golosa, MiP, МН",1,физики,Gen.Sing,Мне очень интересно ходить на уроки физики.,I find going to physics classes very interesting.,_,учёба/работа,26,
физика,797,physics,N.Fem.Inan,A1,"Golosa, MiP, МН",2,физика,Nom.Sing,Физика – мой любимый предмет.,Physics is my favorite subject.,_,учёба/работа,26,
физика,798,physics,N.Fem.Inan,A1,"Golosa, MiP, МН",3,физике,Dat.Sing,Сегодня будет контрольная работа по физике.,Today we'll have physics test.,_,учёба/работа,26,
дядя,799,uncle,N.Masc.Anim,A1,"Golosa, MiP, LM, МН",1,дядя,Nom.Sing,Мой дядя раньше был лётчиком.,My uncle used to be a pilot.,_,люди,4,
дядя,800,uncle,N.Masc.Anim,A1,"Golosa, MiP, LM, МН",2,дяди,Gen.Sing,У моего дяди загородный дом.,My uncle has a country house.,_,люди,4,
дядя,801,uncle,N.Masc.Anim,A1,"Golosa, MiP, LM, МН",3,дядю,Acc.Sing,Я люблю своего дядю.,I love my uncle.,_,люди,4,
научный,802,scientific,A,A1,"MiP, МН",1,научной,Gen.Fem.Sing,Автор этой научной работы – мой преподаватель.,The author of this scientific article is my teacher.,_,"люди, учёба/работа",26,
научный,803,scientific,A,A1,"MiP, МН",2,научных,Gen.Plur,В университете проводят много научных исследований.,A lot of scientific research is conducted at the university.,_,"люди, учёба/работа",26,
научный,804,scientific,A,A1,"MiP, МН",3,научного,Gen.Neut.Sing,Что относится к методам научного исследования?,What classifies scientific research methods?,_,"люди, учёба/работа",26,
осень,805,fall,N.Fem.Inan,A1,"LM, МН",1,осенью,Ins.Sing,Лена любит фотографировать природу осенью.,Lena loves to take pictures of nature in the fall.,_,время,30,
осень,806,fall,N.Fem.Inan,A1,"LM, МН",2,осень,Acc.Sing,"Я не люблю осень, потому что часто идёт дождь.",I don't like fall because it rains often.,_,время,30,
осень,807,fall,N.Fem.Inan,A1,"LM, МН",3,осени,Gen.Sing,В начале осени на улице очень красиво.,In early fall it's very beautiful outside.,_,время,30,
почта,808,mail,N.Fem.Inan,A1,"MiP, LM, МН",1,почта,Nom.Sing,Сегодня почта не работает.,The post office is closed today.,_,"учёба/работа, общение",5,
почта,809,mail,N.Fem.Inan,A1,"MiP, LM, МН",2,почты,Gen.Sing,Какой у тебя адрес электронной почты?,What's your e-mail address?,_,"учёба/работа, общение",5,
почта,810,mail,N.Fem.Inan,A1,"MiP, LM, МН",3,почту,Acc.Sing,Я прислал тебе документ на почту.,I sent you the document via e-mail.,_,"учёба/работа, общение",5,
музыкант,811,musician,N.Masc.Anim,A1,"Golosa, MiP, LM, МН",1,музыканты,Nom.Plur,Эти музыканты играют хорошо.,These musicians play well.,_,"свободное время, учёба/работа",24,
музыкант,812,musician,N.Masc.Anim,A1,"Golosa, MiP, LM, МН",2,музыкантов,Gen.Plur,Я люблю песни уличных музыкантов.,I love the songs of street musicians.,_,"свободное время, учёба/работа",24,
музыкант,813,musician,N.Masc.Anim,A1,"Golosa, MiP, LM, МН",3,музыкант,Nom.Sing,Алексей – музыкант. Он играет на скрипке.,Alexey is a musician. He plays the violin.,_,"свободное время, учёба/работа",24,
профессия,814,profession,N.Fem.Inan,A1,"Golosa, MiP, МН",1,профессию,Acc.Sing,Некоторые люди часто меняют профессию.,Some people change jobs often.,_,учёба/работа,15,
профессия,815,profession,N.Fem.Inan,A1,"Golosa, MiP, МН",2,профессия,Nom.Sing,Профессия экономиста очень мне интересна.,I'm interested in becoming an economist.,_,учёба/работа,15,
профессия,816,profession,N.Fem.Inan,A1,"Golosa, MiP, МН",3,профессий,Gen.Plur,В мире много разных профессий.,There are a lot of different professions in the world.,_,учёба/работа,15,
старший,817,older,A,A1,"Golosa, MiP, МН",1,старше,Comparative,Дима на два года старше меня.,Dima is 2 years older than me.,_,"люди, описание, мера",15,
старший,818,older,A,A1,"Golosa, MiP, МН",2,старшая,Nom.Fem.Sing,У Алёны есть старшая сестра.,Alyona has an older sister.,_,"люди, описание, мера",15,
старший,819,older,A,A1,"Golosa, MiP, МН",3,старший,Nom.Masc.Sing,Мой старший брат раньше прогуливал школу.,My older brother used to play hookey from school.,_,"люди, описание, мера",15,
аудитория,820,audience,N.Fem.Inan,A1,"Golosa, MiP, МН, Поехали",1,аудитории,Gen.Sing,Лекция была слишком сложной для этой аудитории.,The lecture was too complicated for this audience.,_,"люди, общение",5,
аудитория,821,audience,N.Fem.Inan,A1,"Golosa, MiP, МН, Поехали",2,аудиторию,Acc.Sing,Маркетологи анализируют целевую аудиторию продукта.,Marketing specialists analyze the target audience for the product.,_,"люди, общение",5,
аудитория,822,audience,N.Fem.Inan,A1,"Golosa, MiP, МН, Поехали",3,аудитория,Nom.Sing,Аудитория аплодировала артисту.,The audience applauded the singer.,_,"люди, общение",5,
народный,823,folk,A,A1,МН,1,народной,Gen.Fem.Sing,Все знают слова этой народной песни.,Everybody know the words of this folk song.,_,"люди, общение",23,
народный,824,folk,A,A1,МН,2,народного,Gen.Neut.Sing,Четвёртое ноября в России – День народного единства.,The fourth of November in Russia is National Unity Day,_,"люди, общение",23,
народный,825,folk,A,A1,МН,3,народных,Gen.Plur,Волк – типичный герой русских народных сказок.,The wolf is a common character in Russian folk tales.,_,"люди, общение",23,
журналист,826,journalist,N.Masc.Anim,A1,"Golosa, MiP, МН",1,журналистов,Gen.Plur,В редакции работает двадцать журналистов.,Twenty journalists work in the editorial office.,_,"люди, учёба/работа",33,
журналист,827,journalist,N.Masc.Anim,A1,"Golosa, MiP, МН",2,журналисты,Nom.Plur,Журналисты опубликовали скандальный материал.,The journalists published shocking material.,_,"люди, учёба/работа",33,
журналист,828,journalist,N.Masc.Anim,A1,"Golosa, MiP, МН",3,журналистам,Dat.Plur,Президент дал интервью журналистам.,The president gave an interview for the journalists.,_,"люди, учёба/работа",33,
мясо,829,meat,N.Neut.Inan,A1,"Golosa, MiP, LM, МН, Кс",1,мяса,Gen.Sing,"Положи мне кусок мяса, пожалуйста.","Give me a piece of meat, please.",_,еда,8,
мясо,830,meat,N.Neut.Inan,A1,"Golosa, MiP, LM, МН, Кс",2,мясо,Acc.Sing,Я приготовлю мясо на обед.,I'll cook meat for dinner.,_,еда,8,
мясо,831,meat,N.Neut.Inan,A1,"Golosa, MiP, LM, МН, Кс",3,мясом,Ins.Sing,Я люблю пирожки с мясом.,I love meat pies.,_,еда,8,
яблоко,832,apple,N.Neut.Inan,A1,"Golosa, MiP, МН, Кс",1,яблоко,Nom.Sing,Это яблоко очень вкусное.,This apple is very tasty.,_,еда,23,
яблоко,833,apple,N.Neut.Inan,A1,"Golosa, MiP, МН, Кс",2,яблока,Gen.Sing,Миша сорвал с дерева три красных яблока.,Misha picked three red apples from the tree.,_,еда,23,
яблоко,834,apple,N.Neut.Inan,A1,"Golosa, MiP, МН, Кс",3,яблоком,Ins.Sing,Петя купил пирожок с яблоком.,Petya bought an apple pie.,_,еда,23,
артист,835,singer,N.Masc.Anim,A1,"MiP, МН, Поехали",1,артист,Nom.Sing,Артист выступил великолепно.,The singer gave a great performance.,_,"свободное время, учёба/работа",26,
артист,836,singer,N.Masc.Anim,A1,"MiP, МН, Поехали",2,артисты,Nom.Plur,Артисты вышли на сцену.,The singers came on stage.,_,"свободное время, учёба/работа",26,
артист,837,singer,N.Masc.Anim,A1,"MiP, МН, Поехали",3,артиста,Gen.Sing,Во время выступления у артиста сломался микрофон.,The singer's microphone broke during the performance.,_,"свободное время, учёба/работа",26,
больной,838,sick,N.Masc.Anim,A1,"MiP, МН",1,больных,Gen.Plur,Зимой и осенью в поликлинике больше больных.,There are more sick people in the hospital in winter and autumn.,_,внутренний мир,28,
больной,839,sick,A,A1,"MiP, МН",2,больно,Adverb,Ай! Мне больно!,Ouch! It hurts!,_,внутренний мир,28,
больной,840,sick,A,A1,"MiP, МН",3,больной,Nom.Masc.Sing,Вчера мне вылечили больной зуб.,Yesterday I got a toothache taken care of.,_,внутренний мир,28,
снег,841,snow,N.Masc.Inan,A1,"MiP, LM, МН",1,снег,Nom.Sing,На улице идёт снег.,It’s snowing outside.,_,погода,13,
снег,842,snow,N.Masc.Inan,A1,"MiP, LM, МН",2,снега,Gen.Sing,"Уже середина декабря, а на улице ещё нет снега.",It's the middle of December already and still no snow outside.,_,погода,13,
снег,843,snow,N.Masc.Inan,A1,"MiP, LM, МН",3,снегу,Loc.Sing,Ты весь в снегу!,You're covered with snow!,_,погода,13,
июль,844,July,N.Masc.Inan,A1,"MiP, LM, МН",1,июля,Gen.Sing,Я живу отдельно от родителей с июля.,I’ve been living separate from my parents since July.,_,время,30,
июль,845,July,N.Masc.Inan,A1,"MiP, LM, МН",2,июле,Loc.Sing,В июле я поеду в отпуск.,I'll go on vacation in July.,_,время,30,
июль,846,July,N.Masc.Inan,A1,"MiP, LM, МН",3,июль,Nom.Sing,Июль – самый жаркий месяц.,July is the hottest month.,_,время,30,
дорогой,847,expensive,A,A1,"Golosa, MiP, LM, МН",1,дорогой,Nom.Masc.Sing,Этот телефон очень дорогой.,This phone is very expensive.,_,описание,17,
дорогой,848,expensive,A,A1,"Golosa, MiP, LM, МН",2,дорогая,Nom.Fem.Sing,Эта машина слишком дорогая для нас.,This car is too expensive for us.,_,описание,17,
дорогой,849,expensive,A,A1,"Golosa, MiP, LM, МН",3,дорогие,Nom.Plur,Золотыe украшения очень дорогие.,Gold jewelry is vey expensive.,_,описание,17,
кабинет,850,office,N.Masc.Inan,A1,"Golosa, MiP, LM, МН",1,кабинет,Acc.Sing,Иван Иванович вошёл в свой кабинет.,Ivan Ivanovich went into his office.,_,учёба/работа,28,
кабинет,851,office,N.Masc.Inan,A1,"Golosa, MiP, LM, МН",2,кабинете,Loc.Sing,В кабинете врача было очень светло.,There was a lot of light in the doctor's office.,_,учёба/работа,28,
кабинет,852,office,N.Masc.Inan,A1,"Golosa, MiP, LM, МН",3,кабинета,Gen.Sing,У кабинета директора стояли ученики.,The students stood outside the director's office.,_,учёба/работа,28,
единица,853,unit,N.Fem.Inan,A1,"Golosa, MiP, МН",1,единица,Nom.Sing,Метр – единица измерения длины.,The meter is a unit of length.,_,мера,,
единица,854,unit,N.Fem.Inan,A1,"Golosa, MiP, МН",2,единиц,Gen.Plur,В физике используют международную систему единиц.,The International System of Units is used in physics.,_,мера,,
единица,855,unit,N.Fem.Inan,A1,"Golosa, MiP, МН",3,единицы,Nom.Plur,"Метр, килограмм, секунда – это единицы измерения.","The meter, kilogram, and second are units of measurement.",_,мера,,
молоко,856,milk,N.Neut.Inan,A1,"Golosa, MiP, LM, МН, Кс",1,молока,Gen.Sing,Вчера я купил пакет молока в магазине.,I bought a carton of milk yesterday.,_,еда,8,
молоко,857,milk,N.Neut.Inan,A1,"Golosa, MiP, LM, МН, Кс",2,молоко,Acc.Sing,Катя вообще не пьёт молоко.,Katya doesn't drink milk at all.,_,еда,8,
молоко,858,milk,N.Neut.Inan,A1,"Golosa, MiP, LM, МН, Кс",3,молоком,Ins.Sing,Я люблю чай с молоком.,I love tea with milk.,_,еда,8,
преподаватель,859,teacher,N.Masc.Anim,A1,"Golosa, MiP, МН",1,преподаватель,Nom.Sing,Наш преподаватель всегда задаёт интересные вопросы.,Our teacher always asks interesting questions.,_,"люди, учёба/работа",22,
преподаватель,860,teacher,N.Masc.Anim,A1,"Golosa, MiP, МН",2,преподавателя,Gen.Sing,Петя работает в университете ассистентом преподавателя.,Petya works as a teaching assistant at the university.,_,"люди, учёба/работа",22,
преподаватель,861,teacher,N.Masc.Anim,A1,"Golosa, MiP, МН",3,преподаватели,Nom.Plur,На этой неделе наши преподаватели организовали научную конференцию.,Our teachers have organized a scientific conference this week.,_,"люди, учёба/работа",22,
пальто,862,coat,N.Neut.Inan,A1,"Golosa, MiP, LM, МН, Кс",1,пальто,Acc.Sing,Недавно я купил новое зимнее пальто.,I bought a new winter coat recently.,_,одежда,27,
пальто,863,coat,N.Neut.Inan,A1,"Golosa, MiP, LM, МН, Кс",2,польты,Nom.Plur,,,_,_,27,
стул,864,chair,N.Masc.Inan,A1,"Golosa, MiP, LM, МН",1,стула,Gen.Sing,Петя упал со стула.,Petya fell off his chair.,_,жильё,2,
стул,865,chair,N.Masc.Inan,A1,"Golosa, MiP, LM, МН",2,стул,Acc.Sing,"Подвинь стул, пожалуйста.","Move the chair, please.",_,жильё,2,
стул,866,chair,N.Masc.Inan,A1,"Golosa, MiP, LM, МН",3,стулья,Acc.Plur,Мы купили крепкие деревянные стулья.,We bought sturdy wooden chairs.,_,жильё,2,
июнь,867,June,N.Masc.Inan,A1,"MiP, LM, МН",1,июня,Gen.Sing,У Маши день рождения пятого июня.,Masha's birthday is on the 5th of June.,_,время,30,
июнь,868,June,N.Masc.Inan,A1,"MiP, LM, МН",2,июне,Loc.Sing,Обожаю погоду в июне!,I really love the weather in June!,_,время,30,
ручка,869,pen,N.Fem.Inan,A1,"Golosa, MiP, LM, МН",1,ручку,Acc.Sing,"Дай мне ручку, пожалуйста.","Give me a pen, please.",_,учёба/работа,10,
ручка,870,pen,N.Fem.Inan,A1,"Golosa, MiP, LM, МН",2,ручки,Gen.Sing,У меня нет с собой ручки.,I don't have a pen on me.,_,учёба/работа,10,
ручка,871,pen,N.Fem.Inan,A1,"Golosa, MiP, LM, МН",3,ручкой,Ins.Sing,Я люблю писать гелевой ручкой.,I love writing with a gel pen.,_,учёба/работа,10,
костюм,872,suit,N.Masc.Inan,A1,"Golosa, MiP, МН, Кс",1,костюме,Loc.Sing,Я пойду на свадьбу в костюме.,I'll go to the wedding in a suit.,_,одежда,23,
костюм,873,suit,N.Masc.Inan,A1,"Golosa, MiP, МН, Кс",2,костюм,Nom.Sing,Этот костюм тебе идёт.,This suit looks good on you.,_,одежда,23,
костюм,874,suit,N.Masc.Inan,A1,"Golosa, MiP, МН, Кс",3,костюмы,Nom.Plur,Эти карнавальные костюмы очень красивые.,These carnival costumes are very beautiful.,_,одежда,23,
подруга,875,girlfriend,N.Fem.Anim,A1,"Golosa, MiP, LM, МН",1,подруга,Nom.Sing,Моя подруга недавно закончила университет.,My friend recently finished a degree at the university.,_,"люди, общение",4,
подруга,876,girlfriend,N.Fem.Anim,A1,"Golosa, MiP, LM, МН",2,подруги,Nom.Plur,У меня две лучшие подруги.,I have two best friends.,_,"люди, общение",4,
подруга,877,girlfriend,N.Fem.Anim,A1,"Golosa, MiP, LM, МН",3,подругу,Acc.Sing,Вчера я видел твою подругу в магазине.,Yesterday I saw your friend at the store.,_,"люди, общение",4,
лекция,878,lecture,N.Fem.Inan,A1,"Golosa, MiP, LM, МН",1,лекции,Loc.Sing,Ты вчера был на лекции по экономике?,Did you attend the economics lecture yesterday?,_,учёба/работа,22,
лекция,879,lecture,N.Fem.Inan,A1,"Golosa, MiP, LM, МН",2,лекция,Nom.Sing,Лекция скучная.,The lecture is boring.,_,учёба/работа,22,
лекция,880,lecture,N.Fem.Inan,A1,"Golosa, MiP, LM, МН",3,лекцию,Acc.Sing,Сегодня Миша опоздал на лекцию.,Misha was late for the lecture today.,_,учёба/работа,22,
август,881,August,N.Masc.Inan,A1,"MiP, МН, Поехали",1,августа,Gen.Sing,У моей бабушки день рождения пятого августа.,My grandmother's birthday is on the 5th of August.,_,время,30,
август,882,August,N.Masc.Inan,A1,"MiP, МН, Поехали",2,августе,Loc.Sing,В августе уже начинает холодать.,It starts getting colder in August.,_,время,30,
август,883,August,N.Masc.Inan,A1,"MiP, МН, Поехали",3,август,Nom.Sing,Август – мой любимый месяц.,August is my favorite month.,_,время,30,
словарь,884,dictionary,N.Masc.Inan,A1,"Golosa, MiP, МН",1,словарь,Nom.Sing,Где мой словарь?,Where is my dictionary?,_,учёба/работа,3,Maybe something easier like: Где мой соварь?
словарь,885,dictionary,N.Masc.Inan,A1,"Golosa, MiP, МН",2,словаря,Gen.Sing,Я могу читать книги на английском языке без словаря.,I can read books in English without a dictionary.,_,учёба/работа,3,
словарь,886,dictionary,N.Masc.Inan,A1,"Golosa, MiP, МН",3,словаре,Loc.Sing,Посмотри значение этого слова в словаре.,Look up the meaning of this word in the dictionary.,_,учёба/работа,3,
любимый,887,favorite,A,A1,"LM, МН",1,любимый,Nom.Masc.Sing,Мой любимый цвет – красный.,Red is my favourite color.,_,описание,10,
любимый,888,favorite,A,A1,"LM, МН",2,любимая,Nom.Fem.Sing,Завтра в Москве выступит моя любимая группа.,My favorite band will perform in Moscow tomorrow.,_,описание,10,
любимый,889,favorite,A,A1,"LM, МН",3,любимой,Gen.Fem.Sing,У меня нет любимой книги.,I don't have a favorite book.,_,описание,10,
холодный,890,cold,A,A1,"MiP, LM, МН",1,холодно,Adverb,В ноябре на улице очень сыро и холодно.,It's very damp and cold outside in November.,_,описание,13,
холодный,891,cold,A,A1,"MiP, LM, МН",2,холодный,Nom.Masc.Sing,Я ненавижу холодный ветер.,I hate cold wind.,_,описание,13,
холодный,892,cold,A,A1,"MiP, LM, МН",3,холодную,Acc.Fem.Sing,"Кажется, у нас отключили холодную воду.",It seems that our cold water has been turned off.,_,описание,13,
вино,893,wine,N.Neut.Inan,A1,"Golosa, MiP, LM, МН, Поехали",1,вина,Gen.Sing,"Налей мне красного вина, пожалуйста.","Fill my glass with red wine, please.",_,еда,8,
вино,894,wine,N.Neut.Inan,A1,"Golosa, MiP, LM, МН, Поехали",2,вино,Acc.Sing,Маша не любит белое вино.,Masha doesn't like white wine.,_,еда,8,
вино,895,wine,N.Neut.Inan,A1,"Golosa, MiP, LM, МН, Поехали",3,вином,Ins.Sing,Я схожу в магазин за вином.,I'll go to the store to get some wine.,_,еда,8,
женский,896,women’s,A,A1,"Golosa, MiP, МН",1,женский,Nom.Masc.Sing,Где здесь женский туалет?,Where is the ladies' room here?,_,"люди, описание",17,
женский,897,women’s,A,A1,"Golosa, MiP, МН",2,женской,Gen.Fem.Sing,Недавно Маша открыла свой магазин женской обуви.,Masha has recently opened her own women’s shoe store.,_,"люди, описание",17,
женский,898,women’s,A,A1,"Golosa, MiP, МН",3,женская,Nom.Fem.Sing,В этом магазине продаётся очень качественная женская одежда.,They sell a lot of high-quality women’s clothing in this store.,_,"люди, описание",17,
платье,899,dress,N.Neut.Inan,A1,"Golosa, MiP, МН, Кс",1,платье,Acc.Sing,Я испачкала своё любимое платье.,I stained my favorite dress.,_,одежда,27,
платье,900,dress,N.Neut.Inan,A1,"Golosa, MiP, МН, Кс",2,платья,Gen.Sing,У меня пока нет платья на выпускной.,I don't have a dress for the graduation ceremony yet.,_,одежда,27,
платье,901,dress,N.Neut.Inan,A1,"Golosa, MiP, МН, Кс",3,платьем,Ins.Sing,Это пальто хорошо сочетается с платьем.,This coat goes well with the dress.,_,одежда,27,
поездка,902,trip,N.Fem.Inan,A1,"Golosa, MiP, МН",1,поездку,Acc.Sing,Ты берёшь в поездку слишком много вещей.,You are taking too much stuff on the trip.,_,путешествие,21,
поездка,903,trip,N.Fem.Inan,A1,"Golosa, MiP, МН",2,поездок,Gen.Plur,Я не могу жить без поездок за рубеж.,I can't live without traveling abroad.,_,путешествие,21,
поездка,904,trip,N.Fem.Inan,A1,"Golosa, MiP, МН",3,поездки,Gen.Sing,Мне нужно оформить визу для поездки в Европу.,I need to get a visa to travel to Europe.,_,путешествие,21,
станция,905,station,N.Fem.Inan,A1,"MiP, LM, МН",1,станции,Gen.Sing,Поезд едет до конечной станции.,This train goes to the end station.,_,путешествие,23,
станция,906,station,N.Fem.Inan,A1,"MiP, LM, МН",2,станция,Nom.Sing,Эта станция метро очень красивая.,This metro station is very beautiful.,_,путешествие,23,
станция,907,station,N.Fem.Inan,A1,"MiP, LM, МН",3,станцию,Acc.Sing,Я приехал на станцию за полчаса до отправления поезда.,I arrived at the station half an hour before the train’s departure.,_,путешествие,23,
мебель,908,furniture,N.Fem.Inan,A1,"Golosa, MiP, МН",1,мебель,Nom.Sing,У бабушки дома очень красивая мебель.,My grandmother has very beautiful furniture in her home.,_,жильё,5,
мебель,909,furniture,N.Fem.Inan,A1,"Golosa, MiP, МН",2,мебели,Gen.Sing,"Мне не нравится, когда в доме много мебели.",I don't it like when there's too much furniture in a house.,_,жильё,5,
мебель,910,furniture,N.Fem.Inan,A1,"Golosa, MiP, МН",3,мебелью,Ins.Sing,Я купил квартиру уже с мебелью.,I bought a furnished apartment.,_,жильё,5,
кресло,911,armchair,N.Neut.Inan,A1,"Golosa, MiP, МН",1,кресло,Acc.Sing,Я передвинул кресло ближе к окну.,I moved the armchair closer to the window.,_,жильё,5,
кресло,912,armchair,N.Neut.Inan,A1,"Golosa, MiP, МН",2,кресле,Loc.Sing,Дедушка любит сидеть в кресле и читать книги.,My grandfather loves to sit in his armchair and read books.,_,жильё,5,
кресло,913,armchair,N.Neut.Inan,A1,"Golosa, MiP, МН",3,кресла,Gen.Sing,Моя кошка всегда спит у кресла.,My cat always sleeps next to the armchair.,_,жильё,5,
суббота,914,Saturday,N.Fem.Inan,A1,"Golosa, MiP, LM, МН, Кс",1,субботу,Acc.Sing,Мы идём в кино в субботу.,We are going to the cinema on Saturday.,_,время,6,
суббота,915,Saturday,N.Fem.Inan,A1,"Golosa, MiP, LM, МН, Кс",2,суббота,Nom.Sing,У меня суббота свободна.,I'm free on Saturday.,_,время,6,
суббота,916,Saturday,N.Fem.Inan,A1,"Golosa, MiP, LM, МН, Кс",3,субботы,Gen.Sing,Я уезжаю на дачу до субботы.,I'll be at my summerhouse until Saturday.,_,время,6,
еда,917,food,N.Fem.Inan,A1,"MiP, LM, МН",1,еды,Gen.Sing,Вася уже сходил в магазин и купил еды.,Vasya already went to the store and bought food.,_,еда,8,
еда,918,food,N.Fem.Inan,A1,"MiP, LM, МН",2,еду,Acc.Sing,Я не люблю ходить в кафе и всегда сама готовлю еду.,"I don't like to eat in a café, so I cook for myself.",_,еда,8,
еда,919,food,N.Fem.Inan,A1,"MiP, LM, МН",3,еда,Nom.Sing,"Холодильник сломался, и вся еда испортилась.",The refrigerator broke down and all the food went bad.,_,еда,8,
английский,920,English,A,A1,"Golosa, MiP, LM, МН, Поехали",1,английском,Loc.Masc.Sing,Петя любит смотреть сериалы на английском.,Petya loves to watch TV series in English.,_,описание,7,
английский,921,English,A,A1,"Golosa, MiP, LM, МН, Поехали",2,английский,Nom.Masc.Sing,Английский чай очень вкусный.,English tea is very tasty.,_,описание,7,
английский,922,English,A,A1,"Golosa, MiP, LM, МН, Поехали",3,английского,Gen.Masc.Sing,"Дима не знает английского языка, но хочет его выучить.",Dima doesn't know English but he wants to learn it.,_,описание,7,
свободный,923,free,A,A1,"MiP, LM, МН",1,свободных,Gen.Plur,В поезде нет свободных мест.,There are no vacant seats on the train.,_,описание,10,
свободный,924,free,A,A1,"MiP, LM, МН",2,свободный,Nom.Masc.Sing,В московском метро есть свободный доступ в интернет.,There is free WiFi in the Moscow Metro.,_,описание,10,
свободный,925,free,A,A1,"MiP, LM, МН",3,свободное,Inan.Acc.Neut.Sing,Что ты делаешь в свободное время?,What do you do in your spare time?,_,описание,10,
помнить,926,remember,V,A1,МН,1,помню,Imperf.Sing.1,"Я не помню, что было вчера.",I don't remember what happened yesterday.,_,внутренний мир,23,
помнить,927,remember,V,A1,МН,2,помните,Imperf.Plur.2,"Помните, как мы ездили в Берлин прошлым летом?",Remember our trip to Berlin last summer?,_,внутренний мир,23,
помнить,928,remember,V,A1,МН,3,помнить,Imperf.Inf,Невозможно всё помнить.,It's impossible to remember everything.,_,внутренний мир,23,
этаж,929,floor,N.Masc.Inan,A1,"Golosa, MiP, LM, МН",1,этажа,Gen.Sing,В моём загородном доме три этажа.,There are three floors in my summerhouse.,_,жильё,32,
этаж,930,floor,N.Masc.Inan,A1,"Golosa, MiP, LM, МН",2,этаже,Loc.Sing,Я живу на десятом этаже.,I live on the 10th floor.,_,жильё,32,
этаж,931,floor,N.Masc.Inan,A1,"Golosa, MiP, LM, МН",3,этаж,Acc.Sing,Мне тяжело подниматься пешком на девятый этаж.,It's hard for me to walk up to the 9th floor.,_,жильё,32,
исторический,932,historical,A,A1,"Golosa, MiP, МН",1,исторических,Gen.Plur,Александр – доктор исторических наук и профессор.,"Alexandr has a PhD in History, and he is a professor.",_,описание,21,
исторический,933,historical,A,A1,"Golosa, MiP, МН",2,историческая,Nom.Fem.Sing,Историческая наука появилась в Древней Греции.,The study of history dates back to ancient Greece.,_,описание,21,
исторический,934,historical,A,A1,"Golosa, MiP, МН",3,исторический,Inan.Acc.Masc.Sing,В выходные мы поедем на исторический фестиваль.,We will go to a historical festival this weekend.,_,описание,21,
февраль,935,February,N.Masc.Inan,A1,"MiP, LM, МН",1,февраля,Gen.Sing,У моей мамы день рождения двенадцатого февраля.,My mom has her birthday on the 12th of February.,_,время,30,
февраль,936,February,N.Masc.Inan,A1,"MiP, LM, МН",2,феврале,Loc.Sing,В феврале я уезжаю в Германию.,I'll go to Germany in February.,_,время,30,
городской,937,city,A,A1,"MiP, LM, МН",1,городских,Gen.Plur,Больницу построили по решению городских властей.,The hospital was built after a decision by the municipal authorities.,_,"описание, жильё",19,
городской,938,city,A,A1,"MiP, LM, МН",2,городские,Nom.Plur,Городские жители вышли на митинг.,The city residents went to a rally.,_,"описание, жильё",19,
городской,939,city,A,A1,"MiP, LM, МН",3,городской,Loc.Fem.Sing,Концерт пройдёт на городской площади.,The concert will take place at the town square.,_,"описание, жильё",19,
будущий,940,future,A,A1,"Golosa, MiP, МН",1,будущих,Gen.Plur,Это очень важно для будущих поколений.,It's very important for future generations.,_,"время, описание",30,
будущий,941,future,A,A1,"Golosa, MiP, МН",2,будущий,Nom.Masc.Sing,Лёша – будущий инженер.,Lyosha is a future engineer.,_,"время, описание",30,
будущий,942,future,A,A1,"Golosa, MiP, МН",3,будущей,Gen.Fem.Sing,Тема будущей конференции — «Вопросы психологии».,"The theme of the future conference is ""Questions of psychology"".",_,"время, описание",30,